id,day,hours
ADK0000000000ICFPT,Mo,0
BEL0000000001JDGQU,Mo,8
CFM0000000002KEHRV,Mo,0
DGN0000000003LFISW,Mo,0
EHO0000000004MGJTX,Mo,0
FIP0000000005NHKUY,Mo,7
GJQ0000000006OILVZ,Mo,0
HKR0000000007PJMWA,Mo,0
ILS0000000008QKNXB,Mo,6
JMT0000000009RLOYC,Mo,0
KNU0000000010SMPZD,Mo,6
LOV0000000011TNQAE,Mo,4
MPW0000000012UORBF,Mo,10
NQX0000000013VPSCG,Mo,6
ORY0000000014WQTDH,Mo,8
PSZ0000000015XRUEI,Mo,8
QTA0000000016YSVFJ,Mo,6
RUB0000000017ZTWGK,Mo,8
SVC0000000018AUXHL,Mo,8
TWD0000000019BVYIM,Mo,0
UXE0000000020CWZJN,Mo,0
VYF0000000021DXAKO,Mo,7
WZG0000000022EYBLP,Mo,0
XAH0000000023FZCMQ,Mo,3
YBI0000000024GADNR,Mo,3
ZCJ0000000025HBEOS,Mo,8
ADK0000000026ICFPT,Mo,0
BEL0000000027JDGQU,Mo,5
CFM0000000028KEHRV,Mo,6
DGN0000000029LFISW,Mo,4
EHO0000000030MGJTX,Mo,1
FIP0000000031NHKUY,Mo,6
GJQ0000000032OILVZ,Mo,6
HKR0000000033PJMWA,Mo,4
ILS0000000034QKNXB,Mo,4
JMT0000000035RLOYC,Mo,10
KNU0000000036SMPZD,Mo,4
LOV0000000037TNQAE,Mo,5
MPW0000000038UORBF,Mo,8
NQX0000000039VPSCG,Mo,2
ORY0000000040WQTDH,Mo,0
PSZ0000000041XRUEI,Mo,8
QTA0000000042YSVFJ,Mo,3
RUB0000000043ZTWGK,Mo,5
SVC0000000044AUXHL,Mo,7
TWD0000000045BVYIM,Mo,6
UXE0000000046CWZJN,Mo,4
VYF0000000047DXAKO,Mo,6
WZG0000000048EYBLP,Mo,4
XAH0000000049FZCMQ,Mo,1
YBI0000000050GADNR,Mo,4
ZCJ0000000051HBEOS,Mo,4
ADK0000000052ICFPT,Mo,4
BEL0000000053JDGQU,Mo,0
CFM0000000054KEHRV,Mo,6
DGN0000000055LFISW,Mo,3
EHO0000000056MGJTX,Mo,7
FIP0000000057NHKUY,Mo,0
GJQ0000000058OILVZ,Mo,6
HKR0000000059PJMWA,Mo,3
ILS0000000060QKNXB,Mo,0
JMT0000000061RLOYC,Mo,7
KNU0000000062SMPZD,Mo,2
LOV0000000063TNQAE,Mo,6
MPW0000000064UORBF,Mo,7
NQX0000000065VPSCG,Mo,0
ORY0000000066WQTDH,Mo,8
PSZ0000000067XRUEI,Mo,4
QTA0000000068YSVFJ,Mo,6
RUB0000000069ZTWGK,Mo,10
SVC0000000070AUXHL,Mo,0
TWD0000000071BVYIM,Mo,1
UXE0000000072CWZJN,Mo,6
VYF0000000073DXAKO,Mo,7
WZG0000000074EYBLP,Mo,8
XAH0000000075FZCMQ,Mo,0
YBI0000000076GADNR,Mo,0
ZCJ0000000077HBEOS,Mo,8
ADK0000000078ICFPT,Mo,4
BEL0000000079JDGQU,Mo,4
CFM0000000080KEHRV,Mo,6
DGN0000000081LFISW,Mo,1
EHO0000000082MGJTX,Mo,0
FIP0000000083NHKUY,Mo,0
GJQ0000000084OILVZ,Mo,6
HKR0000000085PJMWA,Mo,5
ILS0000000086QKNXB,Mo,3
JMT0000000087RLOYC,Mo,8
KNU0000000088SMPZD,Mo,4
LOV0000000089TNQAE,Mo,8
MPW0000000090UORBF,Mo,8
NQX0000000091VPSCG,Mo,7
ORY0000000092WQTDH,Mo,0
PSZ0000000093XRUEI,Mo,7
QTA0000000094YSVFJ,Mo,8
RUB0000000095ZTWGK,Mo,0
SVC0000000096AUXHL,Mo,1
TWD0000000097BVYIM,Mo,8
UXE0000000098CWZJN,Mo,4
VYF0000000099DXAKO,Mo,6
WZG0000000100EYBLP,Mo,4
XAH0000000101FZCMQ,Mo,4
YBI0000000102GADNR,Mo,6
ZCJ0000000103HBEOS,Mo,3
ADK0000000104ICFPT,Mo,4
BEL0000000105JDGQU,Mo,7
CFM0000000106KEHRV,Mo,7
DGN0000000107LFISW,Mo,0
EHO0000000108MGJTX,Mo,0
FIP0000000109NHKUY,Mo,0
GJQ0000000110OILVZ,Mo,1
HKR0000000111PJMWA,Mo,4
ILS0000000112QKNXB,Mo,4
JMT0000000113RLOYC,Mo,7
KNU0000000114SMPZD,Mo,2
LOV0000000115TNQAE,Mo,7
MPW0000000116UORBF,Mo,0
NQX0000000117VPSCG,Mo,3
ORY0000000118WQTDH,Mo,10
PSZ0000000119XRUEI,Mo,0
QTA0000000120YSVFJ,Mo,0
RUB0000000121ZTWGK,Mo,5
SVC0000000122AUXHL,Mo,4
TWD0000000123BVYIM,Mo,6
UXE0000000124CWZJN,Mo,7
VYF0000000125DXAKO,Mo,8
WZG0000000126EYBLP,Mo,8
XAH0000000127FZCMQ,Mo,0
YBI0000000128GADNR,Mo,6
ZCJ0000000129HBEOS,Mo,9
ADK0000000130ICFPT,Mo,8
BEL0000000131JDGQU,Mo,0
CFM0000000132KEHRV,Mo,0
DGN0000000133LFISW,Mo,8
EHO0000000134MGJTX,Mo,8
FIP0000000135NHKUY,Mo,6
GJQ0000000136OILVZ,Mo,4
HKR0000000137PJMWA,Mo,10
ILS0000000138QKNXB,Mo,5
JMT0000000139RLOYC,Mo,4
KNU0000000140SMPZD,Mo,0
LOV0000000141TNQAE,Mo,7
MPW0000000142UORBF,Mo,4
NQX0000000143VPSCG,Mo,5
ORY0000000144WQTDH,Mo,6
PSZ0000000145XRUEI,Mo,5
QTA0000000146YSVFJ,Mo,6
RUB0000000147ZTWGK,Mo,6
SVC0000000148AUXHL,Mo,3
TWD0000000149BVYIM,Mo,6
UXE0000000150CWZJN,Mo,0
VYF0000000151DXAKO,Mo,0
WZG0000000152EYBLP,Mo,8
XAH0000000153FZCMQ,Mo,0
YBI0000000154GADNR,Mo,2
ZCJ0000000155HBEOS,Mo,6
ADK0000000156ICFPT,Mo,4
BEL0000000157JDGQU,Mo,0
CFM0000000158KEHRV,Mo,0
DGN0000000159LFISW,Mo,4
EHO0000000160MGJTX,Mo,5
FIP0000000161NHKUY,Mo,5
GJQ0000000162OILVZ,Mo,6
HKR0000000163PJMWA,Mo,0
ILS0000000164QKNXB,Mo,8
JMT0000000165RLOYC,Mo,6
KNU0000000166SMPZD,Mo,6
LOV0000000167TNQAE,Mo,7
MPW0000000168UORBF,Mo,7
NQX0000000169VPSCG,Mo,7
ORY0000000170WQTDH,Mo,10
PSZ0000000171XRUEI,Mo,7
QTA0000000172YSVFJ,Mo,6
RUB0000000173ZTWGK,Mo,7
SVC0000000174AUXHL,Mo,6
TWD0000000175BVYIM,Mo,8
UXE0000000176CWZJN,Mo,7
VYF0000000177DXAKO,Mo,0
WZG0000000178EYBLP,Mo,6
XAH0000000179FZCMQ,Mo,6
YBI0000000180GADNR,Mo,5
ZCJ0000000181HBEOS,Mo,0
ADK0000000182ICFPT,Mo,8
BEL0000000183JDGQU,Mo,0
CFM0000000184KEHRV,Mo,8
DGN0000000185LFISW,Mo,5
EHO0000000186MGJTX,Mo,0
FIP0000000187NHKUY,Mo,8
GJQ0000000188OILVZ,Mo,3
HKR0000000189PJMWA,Mo,0
ILS0000000190QKNXB,Mo,0
JMT0000000191RLOYC,Mo,4
KNU0000000192SMPZD,Mo,7
LOV0000000193TNQAE,Mo,8
MPW0000000194UORBF,Mo,8
NQX0000000195VPSCG,Mo,4
ORY0000000196WQTDH,Mo,0
PSZ0000000197XRUEI,Mo,0
QTA0000000198YSVFJ,Mo,0
RUB0000000199ZTWGK,Mo,0
SVC0000000200AUXHL,Mo,3
TWD0000000201BVYIM,Mo,6
UXE0000000202CWZJN,Mo,0
VYF0000000203DXAKO,Mo,0
WZG0000000204EYBLP,Mo,2
XAH0000000205FZCMQ,Mo,1
YBI0000000206GADNR,Mo,0
ZCJ0000000207HBEOS,Mo,10
ADK0000000208ICFPT,Mo,0
BEL0000000209JDGQU,Mo,4
CFM0000000210KEHRV,Mo,8
DGN0000000211LFISW,Mo,4
EHO0000000212MGJTX,Mo,5
FIP0000000213NHKUY,Mo,6
GJQ0000000214OILVZ,Mo,5
HKR0000000215PJMWA,Mo,2
ILS0000000216QKNXB,Mo,3
JMT0000000217RLOYC,Mo,8
KNU0000000218SMPZD,Mo,0
LOV0000000219TNQAE,Mo,4
MPW0000000220UORBF,Mo,0
NQX0000000221VPSCG,Mo,6
ORY0000000222WQTDH,Mo,3
PSZ0000000223XRUEI,Mo,8
QTA0000000224YSVFJ,Mo,5
RUB0000000225ZTWGK,Mo,5
SVC0000000226AUXHL,Mo,6
TWD0000000227BVYIM,Mo,3
UXE0000000228CWZJN,Mo,5
VYF0000000229DXAKO,Mo,6
WZG0000000230EYBLP,Mo,8
XAH0000000231FZCMQ,Mo,0
YBI0000000232GADNR,Mo,0
ZCJ0000000233HBEOS,Mo,4
ADK0000000234ICFPT,Mo,12
BEL0000000235JDGQU,Mo,0
CFM0000000236KEHRV,Mo,9
DGN0000000237LFISW,Mo,6
EHO0000000238MGJTX,Mo,4
FIP0000000239NHKUY,Mo,5
GJQ0000000240OILVZ,Mo,8
HKR0000000241PJMWA,Mo,5
ILS0000000242QKNXB,Mo,6
JMT0000000243RLOYC,Mo,2
KNU0000000244SMPZD,Mo,3
LOV0000000245TNQAE,Mo,4
MPW0000000246UORBF,Mo,8
NQX0000000247VPSCG,Mo,12
ORY0000000248WQTDH,Mo,2
PSZ0000000249XRUEI,Mo,0
QTA0000000250YSVFJ,Mo,0
RUB0000000251ZTWGK,Mo,8
SVC0000000252AUXHL,Mo,0
TWD0000000253BVYIM,Mo,0
UXE0000000254CWZJN,Mo,4
VYF0000000255DXAKO,Mo,8
WZG0000000256EYBLP,Mo,2
XAH0000000257FZCMQ,Mo,8
YBI0000000258GADNR,Mo,0
ZCJ0000000259HBEOS,Mo,0
ADK0000000260ICFPT,Mo,10
BEL0000000261JDGQU,Mo,0
CFM0000000262KEHRV,Mo,4
DGN0000000263LFISW,Mo,7
EHO0000000264MGJTX,Mo,0
FIP0000000265NHKUY,Mo,6
GJQ0000000266OILVZ,Mo,4
HKR0000000267PJMWA,Mo,0
ILS0000000268QKNXB,Mo,5
JMT0000000269RLOYC,Mo,3
KNU0000000270SMPZD,Mo,8
LOV0000000271TNQAE,Mo,0
MPW0000000272UORBF,Mo,8
NQX0000000273VPSCG,Mo,0
ORY0000000274WQTDH,Mo,4
PSZ0000000275XRUEI,Mo,12
QTA0000000276YSVFJ,Mo,9
RUB0000000277ZTWGK,Mo,0
SVC0000000278AUXHL,Mo,7
TWD0000000279BVYIM,Mo,4
UXE0000000280CWZJN,Mo,8
VYF0000000281DXAKO,Mo,0
WZG0000000282EYBLP,Mo,4
XAH0000000283FZCMQ,Mo,0
YBI0000000284GADNR,Mo,4
ZCJ0000000285HBEOS,Mo,0
ADK0000000286ICFPT,Mo,8
BEL0000000287JDGQU,Mo,5
CFM0000000288KEHRV,Mo,8
DGN0000000289LFISW,Mo,7
EHO0000000290MGJTX,Mo,0
FIP0000000291NHKUY,Mo,8
GJQ0000000292OILVZ,Mo,4
HKR0000000293PJMWA,Mo,3
ILS0000000294QKNXB,Mo,0
JMT0000000295RLOYC,Mo,6
KNU0000000296SMPZD,Mo,8
LOV0000000297TNQAE,Mo,4
MPW0000000298UORBF,Mo,0
NQX0000000299VPSCG,Mo,0
ORY0000000300WQTDH,Mo,10
PSZ0000000301XRUEI,Mo,0
QTA0000000302YSVFJ,Mo,7
RUB0000000303ZTWGK,Mo,0
SVC0000000304AUXHL,Mo,0
TWD0000000305BVYIM,Mo,5
UXE0000000306CWZJN,Mo,8
VYF0000000307DXAKO,Mo,3
WZG0000000308EYBLP,Mo,3
XAH0000000309FZCMQ,Mo,4
YBI0000000310GADNR,Mo,8
ZCJ0000000311HBEOS,Mo,0
ADK0000000312ICFPT,Mo,4
BEL0000000313JDGQU,Mo,8
CFM0000000314KEHRV,Mo,4
DGN0000000315LFISW,Mo,7
EHO0000000316MGJTX,Mo,5
FIP0000000317NHKUY,Mo,5
GJQ0000000318OILVZ,Mo,4
HKR0000000319PJMWA,Mo,0
ILS0000000320QKNXB,Mo,3
JMT0000000321RLOYC,Mo,6
KNU0000000322SMPZD,Mo,2
LOV0000000323TNQAE,Mo,0
MPW0000000324UORBF,Mo,0
NQX0000000325VPSCG,Mo,5
ORY0000000326WQTDH,Mo,2
PSZ0000000327XRUEI,Mo,0
QTA0000000328YSVFJ,Mo,0
RUB0000000329ZTWGK,Mo,5
SVC0000000330AUXHL,Mo,0
TWD0000000331BVYIM,Mo,5
UXE0000000332CWZJN,Mo,8
VYF0000000333DXAKO,Mo,0
WZG0000000334EYBLP,Mo,6
XAH0000000335FZCMQ,Mo,5
YBI0000000336GADNR,Mo,4
ZCJ0000000337HBEOS,Mo,9
ADK0000000338ICFPT,Mo,1
BEL0000000339JDGQU,Mo,7
CFM0000000340KEHRV,Mo,8
DGN0000000341LFISW,Mo,8
EHO0000000342MGJTX,Mo,0
FIP0000000343NHKUY,Mo,6
GJQ0000000344OILVZ,Mo,5
HKR0000000345PJMWA,Mo,5
ILS0000000346QKNXB,Mo,0
JMT0000000347RLOYC,Mo,8
KNU0000000348SMPZD,Mo,7
LOV0000000349TNQAE,Mo,8
MPW0000000350UORBF,Mo,6
NQX0000000351VPSCG,Mo,0
ORY0000000352WQTDH,Mo,0
PSZ0000000353XRUEI,Mo,0
QTA0000000354YSVFJ,Mo,8
RUB0000000355ZTWGK,Mo,5
SVC0000000356AUXHL,Mo,8
ADK0000000000ICFPT,Tu,3
BEL0000000001JDGQU,Tu,4
CFM0000000002KEHRV,Tu,5
DGN0000000003LFISW,Tu,8
EHO0000000004MGJTX,Tu,4
FIP0000000005NHKUY,Tu,7
GJQ0000000006OILVZ,Tu,8
HKR0000000007PJMWA,Tu,1
ILS0000000008QKNXB,Tu,6
JMT0000000009RLOYC,Tu,0
KNU0000000010SMPZD,Tu,3
LOV0000000011TNQAE,Tu,0
MPW0000000012UORBF,Tu,10
NQX0000000013VPSCG,Tu,0
ORY0000000014WQTDH,Tu,8
PSZ0000000015XRUEI,Tu,8
QTA0000000016YSVFJ,Tu,0
RUB0000000017ZTWGK,Tu,8
SVC0000000018AUXHL,Tu,8
TWD0000000019BVYIM,Tu,8
UXE0000000020CWZJN,Tu,6
VYF0000000021DXAKO,Tu,7
WZG0000000022EYBLP,Tu,8
XAH0000000023FZCMQ,Tu,5
YBI0000000024GADNR,Tu,3
ZCJ0000000025HBEOS,Tu,6
ADK0000000026ICFPT,Tu,2
BEL0000000027JDGQU,Tu,5
CFM0000000028KEHRV,Tu,6
DGN0000000029LFISW,Tu,4
EHO0000000030MGJTX,Tu,1
FIP0000000031NHKUY,Tu,7
GJQ0000000032OILVZ,Tu,6
HKR0000000033PJMWA,Tu,0
ILS0000000034QKNXB,Tu,4
JMT0000000035RLOYC,Tu,10
KNU0000000036SMPZD,Tu,6
LOV0000000037TNQAE,Tu,5
MPW0000000038UORBF,Tu,0
NQX0000000039VPSCG,Tu,2
ORY0000000040WQTDH,Tu,6
PSZ0000000041XRUEI,Tu,8
QTA0000000042YSVFJ,Tu,3
RUB0000000043ZTWGK,Tu,5
SVC0000000044AUXHL,Tu,7
TWD0000000045BVYIM,Tu,4
UXE0000000046CWZJN,Tu,4
VYF0000000047DXAKO,Tu,6
WZG0000000048EYBLP,Tu,4
XAH0000000049FZCMQ,Tu,0
YBI0000000050GADNR,Tu,5
ZCJ0000000051HBEOS,Tu,4
ADK0000000052ICFPT,Tu,4
BEL0000000053JDGQU,Tu,6
CFM0000000054KEHRV,Tu,6
DGN0000000055LFISW,Tu,3
EHO0000000056MGJTX,Tu,7
FIP0000000057NHKUY,Tu,1
GJQ0000000058OILVZ,Tu,6
HKR0000000059PJMWA,Tu,3
ILS0000000060QKNXB,Tu,0
JMT0000000061RLOYC,Tu,7
KNU0000000062SMPZD,Tu,9
LOV0000000063TNQAE,Tu,6
MPW0000000064UORBF,Tu,7
NQX0000000065VPSCG,Tu,5
ORY0000000066WQTDH,Tu,8
PSZ0000000067XRUEI,Tu,8
QTA0000000068YSVFJ,Tu,6
RUB0000000069ZTWGK,Tu,10
SVC0000000070AUXHL,Tu,6
TWD0000000071BVYIM,Tu,1
UXE0000000072CWZJN,Tu,6
VYF0000000073DXAKO,Tu,7
WZG0000000074EYBLP,Tu,8
XAH0000000075FZCMQ,Tu,0
YBI0000000076GADNR,Tu,5
ZCJ0000000077HBEOS,Tu,8
ADK0000000078ICFPT,Tu,4
BEL0000000079JDGQU,Tu,4
CFM0000000080KEHRV,Tu,0
DGN0000000081LFISW,Tu,1
EHO0000000082MGJTX,Tu,5
FIP0000000083NHKUY,Tu,4
GJQ0000000084OILVZ,Tu,6
HKR0000000085PJMWA,Tu,5
ILS0000000086QKNXB,Tu,3
JMT0000000087RLOYC,Tu,8
KNU0000000088SMPZD,Tu,4
LOV0000000089TNQAE,Tu,5
MPW0000000090UORBF,Tu,8
NQX0000000091VPSCG,Tu,7
ORY0000000092WQTDH,Tu,5
PSZ0000000093XRUEI,Tu,8
QTA0000000094YSVFJ,Tu,8
RUB0000000095ZTWGK,Tu,8
SVC0000000096AUXHL,Tu,6
TWD0000000097BVYIM,Tu,8
UXE0000000098CWZJN,Tu,4
VYF0000000099DXAKO,Tu,6
WZG0000000100EYBLP,Tu,0
XAH0000000101FZCMQ,Tu,4
YBI0000000102GADNR,Tu,6
ZCJ0000000103HBEOS,Tu,0
ADK0000000104ICFPT,Tu,5
BEL0000000105JDGQU,Tu,7
CFM0000000106KEHRV,Tu,7
DGN0000000107LFISW,Tu,2
EHO0000000108MGJTX,Tu,7
FIP0000000109NHKUY,Tu,0
GJQ0000000110OILVZ,Tu,1
HKR0000000111PJMWA,Tu,0
ILS0000000112QKNXB,Tu,6
JMT0000000113RLOYC,Tu,0
KNU0000000114SMPZD,Tu,2
LOV0000000115TNQAE,Tu,0
MPW0000000116UORBF,Tu,0
NQX0000000117VPSCG,Tu,0
ORY0000000118WQTDH,Tu,10
PSZ0000000119XRUEI,Tu,6
QTA0000000120YSVFJ,Tu,4
RUB0000000121ZTWGK,Tu,0
SVC0000000122AUXHL,Tu,8
TWD0000000123BVYIM,Tu,6
UXE0000000124CWZJN,Tu,7
VYF0000000125DXAKO,Tu,8
WZG0000000126EYBLP,Tu,8
XAH0000000127FZCMQ,Tu,5
YBI0000000128GADNR,Tu,6
ZCJ0000000129HBEOS,Tu,9
ADK0000000130ICFPT,Tu,8
BEL0000000131JDGQU,Tu,5
CFM0000000132KEHRV,Tu,8
DGN0000000133LFISW,Tu,3
EHO0000000134MGJTX,Tu,8
FIP0000000135NHKUY,Tu,6
GJQ0000000136OILVZ,Tu,4
HKR0000000137PJMWA,Tu,10
ILS0000000138QKNXB,Tu,7
JMT0000000139RLOYC,Tu,4
KNU0000000140SMPZD,Tu,5
LOV0000000141TNQAE,Tu,7
MPW0000000142UORBF,Tu,4
NQX0000000143VPSCG,Tu,5
ORY0000000144WQTDH,Tu,6
PSZ0000000145XRUEI,Tu,2
QTA0000000146YSVFJ,Tu,6
RUB0000000147ZTWGK,Tu,6
SVC0000000148AUXHL,Tu,6
TWD0000000149BVYIM,Tu,6
UXE0000000150CWZJN,Tu,4
VYF0000000151DXAKO,Tu,8
WZG0000000152EYBLP,Tu,8
XAH0000000153FZCMQ,Tu,0
YBI0000000154GADNR,Tu,2
ZCJ0000000155HBEOS,Tu,6
ADK0000000156ICFPT,Tu,4
BEL0000000157JDGQU,Tu,3
CFM0000000158KEHRV,Tu,5
DGN0000000159LFISW,Tu,5
EHO0000000160MGJTX,Tu,5
FIP0000000161NHKUY,Tu,5
GJQ0000000162OILVZ,Tu,6
HKR0000000163PJMWA,Tu,5
ILS0000000164QKNXB,Tu,8
JMT0000000165RLOYC,Tu,6
KNU0000000166SMPZD,Tu,6
LOV0000000167TNQAE,Tu,7
MPW0000000168UORBF,Tu,7
NQX0000000169VPSCG,Tu,7
ORY0000000170WQTDH,Tu,10
PSZ0000000171XRUEI,Tu,7
QTA0000000172YSVFJ,Tu,6
RUB0000000173ZTWGK,Tu,7
SVC0000000174AUXHL,Tu,6
TWD0000000175BVYIM,Tu,8
UXE0000000176CWZJN,Tu,7
VYF0000000177DXAKO,Tu,5
WZG0000000178EYBLP,Tu,6
XAH0000000179FZCMQ,Tu,6
YBI0000000180GADNR,Tu,0
ZCJ0000000181HBEOS,Tu,0
ADK0000000182ICFPT,Tu,8
BEL0000000183JDGQU,Tu,4
CFM0000000184KEHRV,Tu,8
DGN0000000185LFISW,Tu,7
EHO0000000186MGJTX,Tu,6
FIP0000000187NHKUY,Tu,8
GJQ0000000188OILVZ,Tu,6
HKR0000000189PJMWA,Tu,8
ILS0000000190QKNXB,Tu,4
JMT0000000191RLOYC,Tu,4
KNU0000000192SMPZD,Tu,7
LOV0000000193TNQAE,Tu,8
MPW0000000194UORBF,Tu,8
NQX0000000195VPSCG,Tu,4
ORY0000000196WQTDH,Tu,0
PSZ0000000197XRUEI,Tu,4
QTA0000000198YSVFJ,Tu,7
RUB0000000199ZTWGK,Tu,5
SVC0000000200AUXHL,Tu,0
TWD0000000201BVYIM,Tu,2
UXE0000000202CWZJN,Tu,7
VYF0000000203DXAKO,Tu,5
WZG0000000204EYBLP,Tu,1
XAH0000000205FZCMQ,Tu,1
YBI0000000206GADNR,Tu,4
ZCJ0000000207HBEOS,Tu,5
ADK0000000208ICFPT,Tu,7
BEL0000000209JDGQU,Tu,4
CFM0000000210KEHRV,Tu,8
DGN0000000211LFISW,Tu,5
EHO0000000212MGJTX,Tu,0
FIP0000000213NHKUY,Tu,0
GJQ0000000214OILVZ,Tu,5
HKR0000000215PJMWA,Tu,0
ILS0000000216QKNXB,Tu,7
JMT0000000217RLOYC,Tu,8
KNU0000000218SMPZD,Tu,2
LOV0000000219TNQAE,Tu,0
MPW0000000220UORBF,Tu,8
NQX0000000221VPSCG,Tu,6
ORY0000000222WQTDH,Tu,3
PSZ0000000223XRUEI,Tu,8
QTA0000000224YSVFJ,Tu,5
RUB0000000225ZTWGK,Tu,5
SVC0000000226AUXHL,Tu,6
TWD0000000227BVYIM,Tu,3
UXE0000000228CWZJN,Tu,5
VYF0000000229DXAKO,Tu,6
WZG0000000230EYBLP,Tu,8
XAH0000000231FZCMQ,Tu,0
YBI0000000232GADNR,Tu,7
ZCJ0000000233HBEOS,Tu,5
ADK0000000234ICFPT,Tu,12
BEL0000000235JDGQU,Tu,8
CFM0000000236KEHRV,Tu,2
DGN0000000237LFISW,Tu,6
EHO0000000238MGJTX,Tu,4
FIP0000000239NHKUY,Tu,5
GJQ0000000240OILVZ,Tu,0
HKR0000000241PJMWA,Tu,3
ILS0000000242QKNXB,Tu,6
JMT0000000243RLOYC,Tu,2
KNU0000000244SMPZD,Tu,3
LOV0000000245TNQAE,Tu,0
MPW0000000246UORBF,Tu,8
NQX0000000247VPSCG,Tu,12
ORY0000000248WQTDH,Tu,2
PSZ0000000249XRUEI,Tu,7
QTA0000000250YSVFJ,Tu,4
RUB0000000251ZTWGK,Tu,8
SVC0000000252AUXHL,Tu,4
TWD0000000253BVYIM,Tu,8
UXE0000000254CWZJN,Tu,0
VYF0000000255DXAKO,Tu,8
WZG0000000256EYBLP,Tu,8
XAH0000000257FZCMQ,Tu,8
YBI0000000258GADNR,Tu,7
ZCJ0000000259HBEOS,Tu,5
ADK0000000260ICFPT,Tu,10
BEL0000000261JDGQU,Tu,2
CFM0000000262KEHRV,Tu,1
DGN0000000263LFISW,Tu,7
EHO0000000264MGJTX,Tu,6
FIP0000000265NHKUY,Tu,6
GJQ0000000266OILVZ,Tu,4
HKR0000000267PJMWA,Tu,6
ILS0000000268QKNXB,Tu,0
JMT0000000269RLOYC,Tu,0
KNU0000000270SMPZD,Tu,8
LOV0000000271TNQAE,Tu,8
MPW0000000272UORBF,Tu,8
NQX0000000273VPSCG,Tu,4
ORY0000000274WQTDH,Tu,8
PSZ0000000275XRUEI,Tu,12
QTA0000000276YSVFJ,Tu,9
RUB0000000277ZTWGK,Tu,4
SVC0000000278AUXHL,Tu,7
TWD0000000279BVYIM,Tu,6
UXE0000000280CWZJN,Tu,8
VYF0000000281DXAKO,Tu,5
WZG0000000282EYBLP,Tu,3
XAH0000000283FZCMQ,Tu,0
YBI0000000284GADNR,Tu,4
ZCJ0000000285HBEOS,Tu,6
ADK0000000286ICFPT,Tu,8
BEL0000000287JDGQU,Tu,5
CFM0000000288KEHRV,Tu,0
DGN0000000289LFISW,Tu,7
EHO0000000290MGJTX,Tu,4
FIP0000000291NHKUY,Tu,9
GJQ0000000292OILVZ,Tu,0
HKR0000000293PJMWA,Tu,7
ILS0000000294QKNXB,Tu,0
JMT0000000295RLOYC,Tu,6
KNU0000000296SMPZD,Tu,8
LOV0000000297TNQAE,Tu,3
MPW0000000298UORBF,Tu,8
NQX0000000299VPSCG,Tu,2
ORY0000000300WQTDH,Tu,10
PSZ0000000301XRUEI,Tu,0
QTA0000000302YSVFJ,Tu,7
RUB0000000303ZTWGK,Tu,4
SVC0000000304AUXHL,Tu,6
TWD0000000305BVYIM,Tu,5
UXE0000000306CWZJN,Tu,8
VYF0000000307DXAKO,Tu,2
WZG0000000308EYBLP,Tu,2
XAH0000000309FZCMQ,Tu,4
YBI0000000310GADNR,Tu,8
ZCJ0000000311HBEOS,Tu,7
ADK0000000312ICFPT,Tu,0
BEL0000000313JDGQU,Tu,8
CFM0000000314KEHRV,Tu,4
DGN0000000315LFISW,Tu,7
EHO0000000316MGJTX,Tu,5
FIP0000000317NHKUY,Tu,6
GJQ0000000318OILVZ,Tu,4
HKR0000000319PJMWA,Tu,0
ILS0000000320QKNXB,Tu,8
JMT0000000321RLOYC,Tu,6
KNU0000000322SMPZD,Tu,3
LOV0000000323TNQAE,Tu,6
MPW0000000324UORBF,Tu,3
NQX0000000325VPSCG,Tu,5
ORY0000000326WQTDH,Tu,6
PSZ0000000327XRUEI,Tu,4
QTA0000000328YSVFJ,Tu,8
RUB0000000329ZTWGK,Tu,5
SVC0000000330AUXHL,Tu,8
TWD0000000331BVYIM,Tu,5
UXE0000000332CWZJN,Tu,8
VYF0000000333DXAKO,Tu,8
WZG0000000334EYBLP,Tu,6
XAH0000000335FZCMQ,Tu,0
YBI0000000336GADNR,Tu,4
ZCJ0000000337HBEOS,Tu,9
ADK0000000338ICFPT,Tu,2
BEL0000000339JDGQU,Tu,7
CFM0000000340KEHRV,Tu,8
DGN0000000341LFISW,Tu,8
EHO0000000342MGJTX,Tu,4
FIP0000000343NHKUY,Tu,6
GJQ0000000344OILVZ,Tu,0
HKR0000000345PJMWA,Tu,5
ILS0000000346QKNXB,Tu,0
JMT0000000347RLOYC,Tu,8
KNU0000000348SMPZD,Tu,7
LOV0000000349TNQAE,Tu,8
MPW0000000350UORBF,Tu,6
NQX0000000351VPSCG,Tu,5
ORY0000000352WQTDH,Tu,8
PSZ0000000353XRUEI,Tu,0
QTA0000000354YSVFJ,Tu,0
RUB0000000355ZTWGK,Tu,5
SVC0000000356AUXHL,Tu,8
ADK0000000000ICFPT,We,0
BEL0000000001JDGQU,We,0
CFM0000000002KEHRV,We,0
DGN0000000003LFISW,We,8
EHO0000000004MGJTX,We,5
FIP0000000005NHKUY,We,7
GJQ0000000006OILVZ,We,8
HKR0000000007PJMWA,We,0
ILS0000000008QKNXB,We,6
JMT0000000009RLOYC,We,7
KNU0000000010SMPZD,We,6
LOV0000000011TNQAE,We,3
MPW0000000012UORBF,We,10
NQX0000000013VPSCG,We,3
ORY0000000014WQTDH,We,8
PSZ0000000015XRUEI,We,8
QTA0000000016YSVFJ,We,6
RUB0000000017ZTWGK,We,8
SVC0000000018AUXHL,We,8
TWD0000000019BVYIM,We,0
UXE0000000020CWZJN,We,6
VYF0000000021DXAKO,We,7
WZG0000000022EYBLP,We,0
XAH0000000023FZCMQ,We,5
YBI0000000024GADNR,We,2
ZCJ0000000025HBEOS,We,8
ADK0000000026ICFPT,We,2
BEL0000000027JDGQU,We,5
CFM0000000028KEHRV,We,6
DGN0000000029LFISW,We,4
EHO0000000030MGJTX,We,1
FIP0000000031NHKUY,We,5
GJQ0000000032OILVZ,We,6
HKR0000000033PJMWA,We,4
ILS0000000034QKNXB,We,4
JMT0000000035RLOYC,We,10
KNU0000000036SMPZD,We,6
LOV0000000037TNQAE,We,5
MPW0000000038UORBF,We,8
NQX0000000039VPSCG,We,8
ORY0000000040WQTDH,We,0
PSZ0000000041XRUEI,We,8
QTA0000000042YSVFJ,We,3
RUB0000000043ZTWGK,We,0
SVC0000000044AUXHL,We,7
TWD0000000045BVYIM,We,0
UXE0000000046CWZJN,We,4
VYF0000000047DXAKO,We,6
WZG0000000048EYBLP,We,4
XAH0000000049FZCMQ,We,1
YBI0000000050GADNR,We,5
ZCJ0000000051HBEOS,We,4
ADK0000000052ICFPT,We,4
BEL0000000053JDGQU,We,6
CFM0000000054KEHRV,We,6
DGN0000000055LFISW,We,3
EHO0000000056MGJTX,We,7
FIP0000000057NHKUY,We,1
GJQ0000000058OILVZ,We,4
HKR0000000059PJMWA,We,3
ILS0000000060QKNXB,We,0
JMT0000000061RLOYC,We,7
KNU0000000062SMPZD,We,2
LOV0000000063TNQAE,We,6
MPW0000000064UORBF,We,7
NQX0000000065VPSCG,We,0
ORY0000000066WQTDH,We,8
PSZ0000000067XRUEI,We,4
QTA0000000068YSVFJ,We,6
RUB0000000069ZTWGK,We,10
SVC0000000070AUXHL,We,6
TWD0000000071BVYIM,We,1
UXE0000000072CWZJN,We,6
VYF0000000073DXAKO,We,7
WZG0000000074EYBLP,We,8
XAH0000000075FZCMQ,We,5
YBI0000000076GADNR,We,2
ZCJ0000000077HBEOS,We,8
ADK0000000078ICFPT,We,4
BEL0000000079JDGQU,We,4
CFM0000000080KEHRV,We,0
DGN0000000081LFISW,We,1
EHO0000000082MGJTX,We,7
FIP0000000083NHKUY,We,4
GJQ0000000084OILVZ,We,6
HKR0000000085PJMWA,We,9
ILS0000000086QKNXB,We,3
JMT0000000087RLOYC,We,8
KNU0000000088SMPZD,We,4
LOV0000000089TNQAE,We,8
MPW0000000090UORBF,We,8
NQX0000000091VPSCG,We,8
ORY0000000092WQTDH,We,5
PSZ0000000093XRUEI,We,8
QTA0000000094YSVFJ,We,8
RUB0000000095ZTWGK,We,0
SVC0000000096AUXHL,We,2
TWD0000000097BVYIM,We,8
UXE0000000098CWZJN,We,4
VYF0000000099DXAKO,We,6
WZG0000000100EYBLP,We,0
XAH0000000101FZCMQ,We,4
YBI0000000102GADNR,We,6
ZCJ0000000103HBEOS,We,3
ADK0000000104ICFPT,We,5
BEL0000000105JDGQU,We,7
CFM0000000106KEHRV,We,7
DGN0000000107LFISW,We,3
EHO0000000108MGJTX,We,7
FIP0000000109NHKUY,We,0
GJQ0000000110OILVZ,We,1
HKR0000000111PJMWA,We,4
ILS0000000112QKNXB,We,6
JMT0000000113RLOYC,We,7
KNU0000000114SMPZD,We,2
LOV0000000115TNQAE,We,7
MPW0000000116UORBF,We,6
NQX0000000117VPSCG,We,3
ORY0000000118WQTDH,We,10
PSZ0000000119XRUEI,We,7
QTA0000000120YSVFJ,We,4
RUB0000000121ZTWGK,We,5
SVC0000000122AUXHL,We,8
TWD0000000123BVYIM,We,6
UXE0000000124CWZJN,We,7
VYF0000000125DXAKO,We,8
WZG0000000126EYBLP,We,8
XAH0000000127FZCMQ,We,0
YBI0000000128GADNR,We,4
ZCJ0000000129HBEOS,We,9
ADK0000000130ICFPT,We,8
BEL0000000131JDGQU,We,0
CFM0000000132KEHRV,We,8
DGN0000000133LFISW,We,0
EHO0000000134MGJTX,We,8
FIP0000000135NHKUY,We,6
GJQ0000000136OILVZ,We,4
HKR0000000137PJMWA,We,10
ILS0000000138QKNXB,We,0
JMT0000000139RLOYC,We,0
KNU0000000140SMPZD,We,5
LOV0000000141TNQAE,We,7
MPW0000000142UORBF,We,4
NQX0000000143VPSCG,We,5
ORY0000000144WQTDH,We,6
PSZ0000000145XRUEI,We,0
QTA0000000146YSVFJ,We,6
RUB0000000147ZTWGK,We,6
SVC0000000148AUXHL,We,6
TWD0000000149BVYIM,We,6
UXE0000000150CWZJN,We,4
VYF0000000151DXAKO,We,0
WZG0000000152EYBLP,We,8
XAH0000000153FZCMQ,We,5
YBI0000000154GADNR,We,2
ZCJ0000000155HBEOS,We,4
ADK0000000156ICFPT,We,4
BEL0000000157JDGQU,We,4
CFM0000000158KEHRV,We,0
DGN0000000159LFISW,We,5
EHO0000000160MGJTX,We,5
FIP0000000161NHKUY,We,5
GJQ0000000162OILVZ,We,6
HKR0000000163PJMWA,We,6
ILS0000000164QKNXB,We,8
JMT0000000165RLOYC,We,6
KNU0000000166SMPZD,We,6
LOV0000000167TNQAE,We,7
MPW0000000168UORBF,We,7
NQX0000000169VPSCG,We,7
ORY0000000170WQTDH,We,10
PSZ0000000171XRUEI,We,7
QTA0000000172YSVFJ,We,6
RUB0000000173ZTWGK,We,7
SVC0000000174AUXHL,We,6
TWD0000000175BVYIM,We,8
UXE0000000176CWZJN,We,0
VYF0000000177DXAKO,We,5
WZG0000000178EYBLP,We,6
XAH0000000179FZCMQ,We,6
YBI0000000180GADNR,We,5
ZCJ0000000181HBEOS,We,0
ADK0000000182ICFPT,We,8
BEL0000000183JDGQU,We,4
CFM0000000184KEHRV,We,8
DGN0000000185LFISW,We,5
EHO0000000186MGJTX,We,0
FIP0000000187NHKUY,We,8
GJQ0000000188OILVZ,We,0
HKR0000000189PJMWA,We,8
ILS0000000190QKNXB,We,0
JMT0000000191RLOYC,We,4
KNU0000000192SMPZD,We,7
LOV0000000193TNQAE,We,8
MPW0000000194UORBF,We,8
NQX0000000195VPSCG,We,4
ORY0000000196WQTDH,We,4
PSZ0000000197XRUEI,We,4
QTA0000000198YSVFJ,We,7
RUB0000000199ZTWGK,We,5
SVC0000000200AUXHL,We,3
TWD0000000201BVYIM,We,0
UXE0000000202CWZJN,We,0
VYF0000000203DXAKO,We,0
WZG0000000204EYBLP,We,5
XAH0000000205FZCMQ,We,1
YBI0000000206GADNR,We,0
ZCJ0000000207HBEOS,We,10
ADK0000000208ICFPT,We,7
BEL0000000209JDGQU,We,0
CFM0000000210KEHRV,We,8
DGN0000000211LFISW,We,4
EHO0000000212MGJTX,We,5
FIP0000000213NHKUY,We,6
GJQ0000000214OILVZ,We,5
HKR0000000215PJMWA,We,3
ILS0000000216QKNXB,We,6
JMT0000000217RLOYC,We,8
KNU0000000218SMPZD,We,2
LOV0000000219TNQAE,We,4
MPW0000000220UORBF,We,8
NQX0000000221VPSCG,We,4
ORY0000000222WQTDH,We,3
PSZ0000000223XRUEI,We,8
QTA0000000224YSVFJ,We,5
RUB0000000225ZTWGK,We,5
SVC0000000226AUXHL,We,6
TWD0000000227BVYIM,We,3
UXE0000000228CWZJN,We,5
VYF0000000229DXAKO,We,6
WZG0000000230EYBLP,We,0
XAH0000000231FZCMQ,We,0
YBI0000000232GADNR,We,0
ZCJ0000000233HBEOS,We,2
ADK0000000234ICFPT,We,12
BEL0000000235JDGQU,We,8
CFM0000000236KEHRV,We,0
DGN0000000237LFISW,We,6
EHO0000000238MGJTX,We,0
FIP0000000239NHKUY,We,4
GJQ0000000240OILVZ,We,3
HKR0000000241PJMWA,We,5
ILS0000000242QKNXB,We,6
JMT0000000243RLOYC,We,2
KNU0000000244SMPZD,We,3
LOV0000000245TNQAE,We,5
MPW0000000246UORBF,We,8
NQX0000000247VPSCG,We,12
ORY0000000248WQTDH,We,2
PSZ0000000249XRUEI,We,7
QTA0000000250YSVFJ,We,4
RUB0000000251ZTWGK,We,8
SVC0000000252AUXHL,We,0
TWD0000000253BVYIM,We,0
UXE0000000254CWZJN,We,4
VYF0000000255DXAKO,We,8
WZG0000000256EYBLP,We,0
XAH0000000257FZCMQ,We,8
YBI0000000258GADNR,We,7
ZCJ0000000259HBEOS,We,8
ADK0000000260ICFPT,We,10
BEL0000000261JDGQU,We,0
CFM0000000262KEHRV,We,0
DGN0000000263LFISW,We,7
EHO0000000264MGJTX,We,4
FIP0000000265NHKUY,We,6
GJQ0000000266OILVZ,We,4
HKR0000000267PJMWA,We,6
ILS0000000268QKNXB,We,0
JMT0000000269RLOYC,We,2
KNU0000000270SMPZD,We,8
LOV0000000271TNQAE,We,8
MPW0000000272UORBF,We,8
NQX0000000273VPSCG,We,2
ORY0000000274WQTDH,We,8
PSZ0000000275XRUEI,We,12
QTA0000000276YSVFJ,We,9
RUB0000000277ZTWGK,We,8
SVC0000000278AUXHL,We,7
TWD0000000279BVYIM,We,4
UXE0000000280CWZJN,We,8
VYF0000000281DXAKO,We,0
WZG0000000282EYBLP,We,3
XAH0000000283FZCMQ,We,10
YBI0000000284GADNR,We,4
ZCJ0000000285HBEOS,We,6
ADK0000000286ICFPT,We,8
BEL0000000287JDGQU,We,5
CFM0000000288KEHRV,We,8
DGN0000000289LFISW,We,7
EHO0000000290MGJTX,We,4
FIP0000000291NHKUY,We,0
GJQ0000000292OILVZ,We,4
HKR0000000293PJMWA,We,0
ILS0000000294QKNXB,We,10
JMT0000000295RLOYC,We,6
KNU0000000296SMPZD,We,0
LOV0000000297TNQAE,We,3
MPW0000000298UORBF,We,8
NQX0000000299VPSCG,We,0
ORY0000000300WQTDH,We,10
PSZ0000000301XRUEI,We,0
QTA0000000302YSVFJ,We,0
RUB0000000303ZTWGK,We,0
SVC0000000304AUXHL,We,3
TWD0000000305BVYIM,We,5
UXE0000000306CWZJN,We,8
VYF0000000307DXAKO,We,0
WZG0000000308EYBLP,We,3
XAH0000000309FZCMQ,We,0
YBI0000000310GADNR,We,8
ZCJ0000000311HBEOS,We,7
ADK0000000312ICFPT,We,4
BEL0000000313JDGQU,We,8
CFM0000000314KEHRV,We,4
DGN0000000315LFISW,We,7
EHO0000000316MGJTX,We,5
FIP0000000317NHKUY,We,6
GJQ0000000318OILVZ,We,4
HKR0000000319PJMWA,We,3
ILS0000000320QKNXB,We,8
JMT0000000321RLOYC,We,0
KNU0000000322SMPZD,We,2
LOV0000000323TNQAE,We,10
MPW0000000324UORBF,We,0
NQX0000000325VPSCG,We,5
ORY0000000326WQTDH,We,6
PSZ0000000327XRUEI,We,8
QTA0000000328YSVFJ,We,4
RUB0000000329ZTWGK,We,5
SVC0000000330AUXHL,We,8
TWD0000000331BVYIM,We,5
UXE0000000332CWZJN,We,8
VYF0000000333DXAKO,We,8
WZG0000000334EYBLP,We,7
XAH0000000335FZCMQ,We,0
YBI0000000336GADNR,We,4
ZCJ0000000337HBEOS,We,9
ADK0000000338ICFPT,We,1
BEL0000000339JDGQU,We,7
CFM0000000340KEHRV,We,8
DGN0000000341LFISW,We,8
EHO0000000342MGJTX,We,4
FIP0000000343NHKUY,We,6
GJQ0000000344OILVZ,We,5
HKR0000000345PJMWA,We,6
ILS0000000346QKNXB,We,8
JMT0000000347RLOYC,We,8
KNU0000000348SMPZD,We,7
LOV0000000349TNQAE,We,8
MPW0000000350UORBF,We,6
NQX0000000351VPSCG,We,0
ORY0000000352WQTDH,We,8
PSZ0000000353XRUEI,We,2
QTA0000000354YSVFJ,We,8
RUB0000000355ZTWGK,We,5
SVC0000000356AUXHL,We,8
ADK0000000000ICFPT,Th,3
BEL0000000001JDGQU,Th,0
CFM0000000002KEHRV,Th,5
DGN0000000003LFISW,Th,7
EHO0000000004MGJTX,Th,0
FIP0000000005NHKUY,Th,5
GJQ0000000006OILVZ,Th,8
HKR0000000007PJMWA,Th,0
ILS0000000008QKNXB,Th,6
JMT0000000009RLOYC,Th,7
KNU0000000010SMPZD,Th,3
LOV0000000011TNQAE,Th,0
MPW0000000012UORBF,Th,10
NQX0000000013VPSCG,Th,0
ORY0000000014WQTDH,Th,8
PSZ0000000015XRUEI,Th,8
QTA0000000016YSVFJ,Th,0
RUB0000000017ZTWGK,Th,8
SVC0000000018AUXHL,Th,8
TWD0000000019BVYIM,Th,8
UXE0000000020CWZJN,Th,6
VYF0000000021DXAKO,Th,7
WZG0000000022EYBLP,Th,0
XAH0000000023FZCMQ,Th,5
YBI0000000024GADNR,Th,2
ZCJ0000000025HBEOS,Th,4
ADK0000000026ICFPT,Th,2
BEL0000000027JDGQU,Th,5
CFM0000000028KEHRV,Th,6
DGN0000000029LFISW,Th,4
EHO0000000030MGJTX,Th,1
FIP0000000031NHKUY,Th,7
GJQ0000000032OILVZ,Th,6
HKR0000000033PJMWA,Th,0
ILS0000000034QKNXB,Th,5
JMT0000000035RLOYC,Th,10
KNU0000000036SMPZD,Th,4
LOV0000000037TNQAE,Th,5
MPW0000000038UORBF,Th,0
NQX0000000039VPSCG,Th,8
ORY0000000040WQTDH,Th,6
PSZ0000000041XRUEI,Th,8
QTA0000000042YSVFJ,Th,3
RUB0000000043ZTWGK,Th,5
SVC0000000044AUXHL,Th,7
TWD0000000045BVYIM,Th,0
UXE0000000046CWZJN,Th,4
VYF0000000047DXAKO,Th,6
WZG0000000048EYBLP,Th,4
XAH0000000049FZCMQ,Th,0
YBI0000000050GADNR,Th,4
ZCJ0000000051HBEOS,Th,4
ADK0000000052ICFPT,Th,4
BEL0000000053JDGQU,Th,6
CFM0000000054KEHRV,Th,6
DGN0000000055LFISW,Th,3
EHO0000000056MGJTX,Th,7
FIP0000000057NHKUY,Th,1
GJQ0000000058OILVZ,Th,6
HKR0000000059PJMWA,Th,3
ILS0000000060QKNXB,Th,3
JMT0000000061RLOYC,Th,0
KNU0000000062SMPZD,Th,9
LOV0000000063TNQAE,Th,6
MPW0000000064UORBF,Th,7
NQX0000000065VPSCG,Th,5
ORY0000000066WQTDH,Th,8
PSZ0000000067XRUEI,Th,8
QTA0000000068YSVFJ,Th,6
RUB0000000069ZTWGK,Th,10
SVC0000000070AUXHL,Th,6
TWD0000000071BVYIM,Th,1
UXE0000000072CWZJN,Th,6
VYF0000000073DXAKO,Th,7
WZG0000000074EYBLP,Th,10
XAH0000000075FZCMQ,Th,0
YBI0000000076GADNR,Th,5
ZCJ0000000077HBEOS,Th,6
ADK0000000078ICFPT,Th,4
BEL0000000079JDGQU,Th,4
CFM0000000080KEHRV,Th,0
DGN0000000081LFISW,Th,1
EHO0000000082MGJTX,Th,5
FIP0000000083NHKUY,Th,4
GJQ0000000084OILVZ,Th,0
HKR0000000085PJMWA,Th,9
ILS0000000086QKNXB,Th,3
JMT0000000087RLOYC,Th,8
KNU0000000088SMPZD,Th,4
LOV0000000089TNQAE,Th,5
MPW0000000090UORBF,Th,8
NQX0000000091VPSCG,Th,6
ORY0000000092WQTDH,Th,5
PSZ0000000093XRUEI,Th,8
QTA0000000094YSVFJ,Th,0
RUB0000000095ZTWGK,Th,8
SVC0000000096AUXHL,Th,6
TWD0000000097BVYIM,Th,8
UXE0000000098CWZJN,Th,4
VYF0000000099DXAKO,Th,6
WZG0000000100EYBLP,Th,0
XAH0000000101FZCMQ,Th,3
YBI0000000102GADNR,Th,6
ZCJ0000000103HBEOS,Th,0
ADK0000000104ICFPT,Th,5
BEL0000000105JDGQU,Th,0
CFM0000000106KEHRV,Th,7
DGN0000000107LFISW,Th,3
EHO0000000108MGJTX,Th,0
FIP0000000109NHKUY,Th,0
GJQ0000000110OILVZ,Th,1
HKR0000000111PJMWA,Th,0
ILS0000000112QKNXB,Th,6
JMT0000000113RLOYC,Th,0
KNU0000000114SMPZD,Th,2
LOV0000000115TNQAE,Th,0
MPW0000000116UORBF,Th,0
NQX0000000117VPSCG,Th,6
ORY0000000118WQTDH,Th,10
PSZ0000000119XRUEI,Th,5
QTA0000000120YSVFJ,Th,4
RUB0000000121ZTWGK,Th,0
SVC0000000122AUXHL,Th,8
TWD0000000123BVYIM,Th,6
UXE0000000124CWZJN,Th,7
VYF0000000125DXAKO,Th,8
WZG0000000126EYBLP,Th,8
XAH0000000127FZCMQ,Th,5
YBI0000000128GADNR,Th,6
ZCJ0000000129HBEOS,Th,9
ADK0000000130ICFPT,Th,8
BEL0000000131JDGQU,Th,5
CFM0000000132KEHRV,Th,8
DGN0000000133LFISW,Th,3
EHO0000000134MGJTX,Th,8
FIP0000000135NHKUY,Th,6
GJQ0000000136OILVZ,Th,4
HKR0000000137PJMWA,Th,10
ILS0000000138QKNXB,Th,5
JMT0000000139RLOYC,Th,4
KNU0000000140SMPZD,Th,5
LOV0000000141TNQAE,Th,7
MPW0000000142UORBF,Th,4
NQX0000000143VPSCG,Th,0
ORY0000000144WQTDH,Th,0
PSZ0000000145XRUEI,Th,5
QTA0000000146YSVFJ,Th,6
RUB0000000147ZTWGK,Th,6
SVC0000000148AUXHL,Th,0
TWD0000000149BVYIM,Th,6
UXE0000000150CWZJN,Th,4
VYF0000000151DXAKO,Th,8
WZG0000000152EYBLP,Th,8
XAH0000000153FZCMQ,Th,0
YBI0000000154GADNR,Th,0
ZCJ0000000155HBEOS,Th,4
ADK0000000156ICFPT,Th,4
BEL0000000157JDGQU,Th,0
CFM0000000158KEHRV,Th,5
DGN0000000159LFISW,Th,5
EHO0000000160MGJTX,Th,5
FIP0000000161NHKUY,Th,5
GJQ0000000162OILVZ,Th,6
HKR0000000163PJMWA,Th,1
ILS0000000164QKNXB,Th,8
JMT0000000165RLOYC,Th,6
KNU0000000166SMPZD,Th,6
LOV0000000167TNQAE,Th,7
MPW0000000168UORBF,Th,7
NQX0000000169VPSCG,Th,7
ORY0000000170WQTDH,Th,10
PSZ0000000171XRUEI,Th,7
QTA0000000172YSVFJ,Th,6
RUB0000000173ZTWGK,Th,7
SVC0000000174AUXHL,Th,6
TWD0000000175BVYIM,Th,8
UXE0000000176CWZJN,Th,7
VYF0000000177DXAKO,Th,5
WZG0000000178EYBLP,Th,6
XAH0000000179FZCMQ,Th,6
YBI0000000180GADNR,Th,0
ZCJ0000000181HBEOS,Th,6
ADK0000000182ICFPT,Th,8
BEL0000000183JDGQU,Th,4
CFM0000000184KEHRV,Th,8
DGN0000000185LFISW,Th,6
EHO0000000186MGJTX,Th,6
FIP0000000187NHKUY,Th,8
GJQ0000000188OILVZ,Th,6
HKR0000000189PJMWA,Th,0
ILS0000000190QKNXB,Th,4
JMT0000000191RLOYC,Th,4
KNU0000000192SMPZD,Th,7
LOV0000000193TNQAE,Th,8
MPW0000000194UORBF,Th,8
NQX0000000195VPSCG,Th,4
ORY0000000196WQTDH,Th,4
PSZ0000000197XRUEI,Th,4
QTA0000000198YSVFJ,Th,7
RUB0000000199ZTWGK,Th,5
SVC0000000200AUXHL,Th,0
TWD0000000201BVYIM,Th,0
UXE0000000202CWZJN,Th,4
VYF0000000203DXAKO,Th,5
WZG0000000204EYBLP,Th,1
XAH0000000205FZCMQ,Th,1
YBI0000000206GADNR,Th,4
ZCJ0000000207HBEOS,Th,6
ADK0000000208ICFPT,Th,7
BEL0000000209JDGQU,Th,0
CFM0000000210KEHRV,Th,8
DGN0000000211LFISW,Th,5
EHO0000000212MGJTX,Th,0
FIP0000000213NHKUY,Th,0
GJQ0000000214OILVZ,Th,5
HKR0000000215PJMWA,Th,0
ILS0000000216QKNXB,Th,6
JMT0000000217RLOYC,Th,8
KNU0000000218SMPZD,Th,2
LOV0000000219TNQAE,Th,0
MPW0000000220UORBF,Th,0
NQX0000000221VPSCG,Th,4
ORY0000000222WQTDH,Th,3
PSZ0000000223XRUEI,Th,8
QTA0000000224YSVFJ,Th,5
RUB0000000225ZTWGK,Th,5
SVC0000000226AUXHL,Th,6
TWD0000000227BVYIM,Th,3
UXE0000000228CWZJN,Th,5
VYF0000000229DXAKO,Th,6
WZG0000000230EYBLP,Th,8
XAH0000000231FZCMQ,Th,0
YBI0000000232GADNR,Th,7
ZCJ0000000233HBEOS,Th,5
ADK0000000234ICFPT,Th,12
BEL0000000235JDGQU,Th,8
CFM0000000236KEHRV,Th,9
DGN0000000237LFISW,Th,6
EHO0000000238MGJTX,Th,4
FIP0000000239NHKUY,Th,5
GJQ0000000240OILVZ,Th,2
HKR0000000241PJMWA,Th,3
ILS0000000242QKNXB,Th,6
JMT0000000243RLOYC,Th,2
KNU0000000244SMPZD,Th,3
LOV0000000245TNQAE,Th,0
MPW0000000246UORBF,Th,8
NQX0000000247VPSCG,Th,12
ORY0000000248WQTDH,Th,2
PSZ0000000249XRUEI,Th,7
QTA0000000250YSVFJ,Th,0
RUB0000000251ZTWGK,Th,8
SVC0000000252AUXHL,Th,0
TWD0000000253BVYIM,Th,8
UXE0000000254CWZJN,Th,0
VYF0000000255DXAKO,Th,8
WZG0000000256EYBLP,Th,8
XAH0000000257FZCMQ,Th,8
YBI0000000258GADNR,Th,7
ZCJ0000000259HBEOS,Th,5
ADK0000000260ICFPT,Th,10
BEL0000000261JDGQU,Th,2
CFM0000000262KEHRV,Th,1
DGN0000000263LFISW,Th,7
EHO0000000264MGJTX,Th,6
FIP0000000265NHKUY,Th,6
GJQ0000000266OILVZ,Th,4
HKR0000000267PJMWA,Th,6
ILS0000000268QKNXB,Th,5
JMT0000000269RLOYC,Th,0
KNU0000000270SMPZD,Th,4
LOV0000000271TNQAE,Th,0
MPW0000000272UORBF,Th,4
NQX0000000273VPSCG,Th,4
ORY0000000274WQTDH,Th,8
PSZ0000000275XRUEI,Th,12
QTA0000000276YSVFJ,Th,9
RUB0000000277ZTWGK,Th,0
SVC0000000278AUXHL,Th,7
TWD0000000279BVYIM,Th,4
UXE0000000280CWZJN,Th,8
VYF0000000281DXAKO,Th,5
WZG0000000282EYBLP,Th,4
XAH0000000283FZCMQ,Th,0
YBI0000000284GADNR,Th,4
ZCJ0000000285HBEOS,Th,6
ADK0000000286ICFPT,Th,8
BEL0000000287JDGQU,Th,6
CFM0000000288KEHRV,Th,0
DGN0000000289LFISW,Th,7
EHO0000000290MGJTX,Th,0
FIP0000000291NHKUY,Th,9
GJQ0000000292OILVZ,Th,4
HKR0000000293PJMWA,Th,7
ILS0000000294QKNXB,Th,4
JMT0000000295RLOYC,Th,6
KNU0000000296SMPZD,Th,8
LOV0000000297TNQAE,Th,0
MPW0000000298UORBF,Th,8
NQX0000000299VPSCG,Th,2
ORY0000000300WQTDH,Th,10
PSZ0000000301XRUEI,Th,0
QTA0000000302YSVFJ,Th,0
RUB0000000303ZTWGK,Th,4
SVC0000000304AUXHL,Th,6
TWD0000000305BVYIM,Th,5
UXE0000000306CWZJN,Th,8
VYF0000000307DXAKO,Th,3
WZG0000000308EYBLP,Th,3
XAH0000000309FZCMQ,Th,0
YBI0000000310GADNR,Th,8
ZCJ0000000311HBEOS,Th,7
ADK0000000312ICFPT,Th,0
BEL0000000313JDGQU,Th,8
CFM0000000314KEHRV,Th,4
DGN0000000315LFISW,Th,7
EHO0000000316MGJTX,Th,5
FIP0000000317NHKUY,Th,6
GJQ0000000318OILVZ,Th,4
HKR0000000319PJMWA,Th,3
ILS0000000320QKNXB,Th,0
JMT0000000321RLOYC,Th,6
KNU0000000322SMPZD,Th,3
LOV0000000323TNQAE,Th,6
MPW0000000324UORBF,Th,0
NQX0000000325VPSCG,Th,5
ORY0000000326WQTDH,Th,2
PSZ0000000327XRUEI,Th,8
QTA0000000328YSVFJ,Th,5
RUB0000000329ZTWGK,Th,5
SVC0000000330AUXHL,Th,8
TWD0000000331BVYIM,Th,5
UXE0000000332CWZJN,Th,8
VYF0000000333DXAKO,Th,8
WZG0000000334EYBLP,Th,7
XAH0000000335FZCMQ,Th,0
YBI0000000336GADNR,Th,0
ZCJ0000000337HBEOS,Th,9
ADK0000000338ICFPT,Th,0
BEL0000000339JDGQU,Th,7
CFM0000000340KEHRV,Th,8
DGN0000000341LFISW,Th,8
EHO0000000342MGJTX,Th,2
FIP0000000343NHKUY,Th,6
GJQ0000000344OILVZ,Th,0
HKR0000000345PJMWA,Th,6
ILS0000000346QKNXB,Th,8
JMT0000000347RLOYC,Th,8
KNU0000000348SMPZD,Th,7
LOV0000000349TNQAE,Th,0
MPW0000000350UORBF,Th,6
NQX0000000351VPSCG,Th,5
ORY0000000352WQTDH,Th,8
PSZ0000000353XRUEI,Th,2
QTA0000000354YSVFJ,Th,0
RUB0000000355ZTWGK,Th,5
SVC0000000356AUXHL,Th,8
ADK0000000000ICFPT,Fr,0
BEL0000000001JDGQU,Fr,0
CFM0000000002KEHRV,Fr,0
DGN0000000003LFISW,Fr,5
EHO0000000004MGJTX,Fr,4
FIP0000000005NHKUY,Fr,0
GJQ0000000006OILVZ,Fr,0
HKR0000000007PJMWA,Fr,4
ILS0000000008QKNXB,Fr,0
JMT0000000009RLOYC,Fr,7
KNU0000000010SMPZD,Fr,0
LOV0000000011TNQAE,Fr,3
MPW0000000012UORBF,Fr,10
NQX0000000013VPSCG,Fr,6
ORY0000000014WQTDH,Fr,8
PSZ0000000015XRUEI,Fr,8
QTA0000000016YSVFJ,Fr,0
RUB0000000017ZTWGK,Fr,8
SVC0000000018AUXHL,Fr,8
TWD0000000019BVYIM,Fr,0
UXE0000000020CWZJN,Fr,0
VYF0000000021DXAKO,Fr,4
WZG0000000022EYBLP,Fr,0
XAH0000000023FZCMQ,Fr,2
YBI0000000024GADNR,Fr,2
ZCJ0000000025HBEOS,Fr,1
ADK0000000026ICFPT,Fr,2
BEL0000000027JDGQU,Fr,0
CFM0000000028KEHRV,Fr,0
DGN0000000029LFISW,Fr,0
EHO0000000030MGJTX,Fr,1
FIP0000000031NHKUY,Fr,0
GJQ0000000032OILVZ,Fr,6
HKR0000000033PJMWA,Fr,0
ILS0000000034QKNXB,Fr,4
JMT0000000035RLOYC,Fr,4
KNU0000000036SMPZD,Fr,4
LOV0000000037TNQAE,Fr,0
MPW0000000038UORBF,Fr,0
NQX0000000039VPSCG,Fr,0
ORY0000000040WQTDH,Fr,0
PSZ0000000041XRUEI,Fr,8
QTA0000000042YSVFJ,Fr,3
RUB0000000043ZTWGK,Fr,5
SVC0000000044AUXHL,Fr,5
TWD0000000045BVYIM,Fr,0
UXE0000000046CWZJN,Fr,4
VYF0000000047DXAKO,Fr,0
WZG0000000048EYBLP,Fr,0
XAH0000000049FZCMQ,Fr,0
YBI0000000050GADNR,Fr,0
ZCJ0000000051HBEOS,Fr,4
ADK0000000052ICFPT,Fr,0
BEL0000000053JDGQU,Fr,6
CFM0000000054KEHRV,Fr,0
DGN0000000055LFISW,Fr,3
EHO0000000056MGJTX,Fr,7
FIP0000000057NHKUY,Fr,0
GJQ0000000058OILVZ,Fr,4
HKR0000000059PJMWA,Fr,4
ILS0000000060QKNXB,Fr,0
JMT0000000061RLOYC,Fr,0
KNU0000000062SMPZD,Fr,2
LOV0000000063TNQAE,Fr,0
MPW0000000064UORBF,Fr,4
NQX0000000065VPSCG,Fr,0
ORY0000000066WQTDH,Fr,8
PSZ0000000067XRUEI,Fr,4
QTA0000000068YSVFJ,Fr,6
RUB0000000069ZTWGK,Fr,10
SVC0000000070AUXHL,Fr,0
TWD0000000071BVYIM,Fr,1
UXE0000000072CWZJN,Fr,4
VYF0000000073DXAKO,Fr,7
WZG0000000074EYBLP,Fr,0
XAH0000000075FZCMQ,Fr,4
YBI0000000076GADNR,Fr,0
ZCJ0000000077HBEOS,Fr,0
ADK0000000078ICFPT,Fr,0
BEL0000000079JDGQU,Fr,0
CFM0000000080KEHRV,Fr,6
DGN0000000081LFISW,Fr,0
EHO0000000082MGJTX,Fr,7
FIP0000000083NHKUY,Fr,4
GJQ0000000084OILVZ,Fr,0
HKR0000000085PJMWA,Fr,9
ILS0000000086QKNXB,Fr,3
JMT0000000087RLOYC,Fr,8
KNU0000000088SMPZD,Fr,0
LOV0000000089TNQAE,Fr,8
MPW0000000090UORBF,Fr,3
NQX0000000091VPSCG,Fr,4
ORY0000000092WQTDH,Fr,0
PSZ0000000093XRUEI,Fr,6
QTA0000000094YSVFJ,Fr,0
RUB0000000095ZTWGK,Fr,0
SVC0000000096AUXHL,Fr,0
TWD0000000097BVYIM,Fr,8
UXE0000000098CWZJN,Fr,4
VYF0000000099DXAKO,Fr,0
WZG0000000100EYBLP,Fr,0
XAH0000000101FZCMQ,Fr,0
YBI0000000102GADNR,Fr,0
ZCJ0000000103HBEOS,Fr,3
ADK0000000104ICFPT,Fr,0
BEL0000000105JDGQU,Fr,0
CFM0000000106KEHRV,Fr,4
DGN0000000107LFISW,Fr,3
EHO0000000108MGJTX,Fr,7
FIP0000000109NHKUY,Fr,6
GJQ0000000110OILVZ,Fr,1
HKR0000000111PJMWA,Fr,4
ILS0000000112QKNXB,Fr,3
JMT0000000113RLOYC,Fr,7
KNU0000000114SMPZD,Fr,2
LOV0000000115TNQAE,Fr,0
MPW0000000116UORBF,Fr,4
NQX0000000117VPSCG,Fr,0
ORY0000000118WQTDH,Fr,4
PSZ0000000119XRUEI,Fr,5
QTA0000000120YSVFJ,Fr,0
RUB0000000121ZTWGK,Fr,5
SVC0000000122AUXHL,Fr,0
TWD0000000123BVYIM,Fr,2
UXE0000000124CWZJN,Fr,7
VYF0000000125DXAKO,Fr,4
WZG0000000126EYBLP,Fr,5
XAH0000000127FZCMQ,Fr,0
YBI0000000128GADNR,Fr,6
ZCJ0000000129HBEOS,Fr,9
ADK0000000130ICFPT,Fr,8
BEL0000000131JDGQU,Fr,0
CFM0000000132KEHRV,Fr,0
DGN0000000133LFISW,Fr,8
EHO0000000134MGJTX,Fr,8
FIP0000000135NHKUY,Fr,0
GJQ0000000136OILVZ,Fr,4
HKR0000000137PJMWA,Fr,0
ILS0000000138QKNXB,Fr,5
JMT0000000139RLOYC,Fr,0
KNU0000000140SMPZD,Fr,0
LOV0000000141TNQAE,Fr,0
MPW0000000142UORBF,Fr,0
NQX0000000143VPSCG,Fr,0
ORY0000000144WQTDH,Fr,6
PSZ0000000145XRUEI,Fr,0
QTA0000000146YSVFJ,Fr,0
RUB0000000147ZTWGK,Fr,6
SVC0000000148AUXHL,Fr,0
TWD0000000149BVYIM,Fr,6
UXE0000000150CWZJN,Fr,0
VYF0000000151DXAKO,Fr,0
WZG0000000152EYBLP,Fr,8
XAH0000000153FZCMQ,Fr,0
YBI0000000154GADNR,Fr,0
ZCJ0000000155HBEOS,Fr,0
ADK0000000156ICFPT,Fr,0
BEL0000000157JDGQU,Fr,0
CFM0000000158KEHRV,Fr,0
DGN0000000159LFISW,Fr,3
EHO0000000160MGJTX,Fr,5
FIP0000000161NHKUY,Fr,5
GJQ0000000162OILVZ,Fr,6
HKR0000000163PJMWA,Fr,0
ILS0000000164QKNXB,Fr,8
JMT0000000165RLOYC,Fr,6
KNU0000000166SMPZD,Fr,6
LOV0000000167TNQAE,Fr,4
MPW0000000168UORBF,Fr,7
NQX0000000169VPSCG,Fr,7
ORY0000000170WQTDH,Fr,0
PSZ0000000171XRUEI,Fr,0
QTA0000000172YSVFJ,Fr,6
RUB0000000173ZTWGK,Fr,7
SVC0000000174AUXHL,Fr,6
TWD0000000175BVYIM,Fr,8
UXE0000000176CWZJN,Fr,7
VYF0000000177DXAKO,Fr,5
WZG0000000178EYBLP,Fr,6
XAH0000000179FZCMQ,Fr,6
YBI0000000180GADNR,Fr,0
ZCJ0000000181HBEOS,Fr,4
ADK0000000182ICFPT,Fr,0
BEL0000000183JDGQU,Fr,0
CFM0000000184KEHRV,Fr,0
DGN0000000185LFISW,Fr,3
EHO0000000186MGJTX,Fr,0
FIP0000000187NHKUY,Fr,8
GJQ0000000188OILVZ,Fr,0
HKR0000000189PJMWA,Fr,0
ILS0000000190QKNXB,Fr,0
JMT0000000191RLOYC,Fr,0
KNU0000000192SMPZD,Fr,7
LOV0000000193TNQAE,Fr,8
MPW0000000194UORBF,Fr,4
NQX0000000195VPSCG,Fr,0
ORY0000000196WQTDH,Fr,4
PSZ0000000197XRUEI,Fr,4
QTA0000000198YSVFJ,Fr,0
RUB0000000199ZTWGK,Fr,0
SVC0000000200AUXHL,Fr,3
TWD0000000201BVYIM,Fr,0
UXE0000000202CWZJN,Fr,0
VYF0000000203DXAKO,Fr,0
WZG0000000204EYBLP,Fr,2
XAH0000000205FZCMQ,Fr,1
YBI0000000206GADNR,Fr,2
ZCJ0000000207HBEOS,Fr,8
ADK0000000208ICFPT,Fr,7
BEL0000000209JDGQU,Fr,4
CFM0000000210KEHRV,Fr,8
DGN0000000211LFISW,Fr,5
EHO0000000212MGJTX,Fr,0
FIP0000000213NHKUY,Fr,6
GJQ0000000214OILVZ,Fr,0
HKR0000000215PJMWA,Fr,0
ILS0000000216QKNXB,Fr,6
JMT0000000217RLOYC,Fr,8
KNU0000000218SMPZD,Fr,0
LOV0000000219TNQAE,Fr,0
MPW0000000220UORBF,Fr,0
NQX0000000221VPSCG,Fr,6
ORY0000000222WQTDH,Fr,3
PSZ0000000223XRUEI,Fr,8
QTA0000000224YSVFJ,Fr,5
RUB0000000225ZTWGK,Fr,0
SVC0000000226AUXHL,Fr,6
TWD0000000227BVYIM,Fr,3
UXE0000000228CWZJN,Fr,0
VYF0000000229DXAKO,Fr,0
WZG0000000230EYBLP,Fr,8
XAH0000000231FZCMQ,Fr,10
YBI0000000232GADNR,Fr,4
ZCJ0000000233HBEOS,Fr,5
ADK0000000234ICFPT,Fr,8
BEL0000000235JDGQU,Fr,0
CFM0000000236KEHRV,Fr,0
DGN0000000237LFISW,Fr,0
EHO0000000238MGJTX,Fr,4
FIP0000000239NHKUY,Fr,5
GJQ0000000240OILVZ,Fr,0
HKR0000000241PJMWA,Fr,5
ILS0000000242QKNXB,Fr,0
JMT0000000243RLOYC,Fr,2
KNU0000000244SMPZD,Fr,0
LOV0000000245TNQAE,Fr,0
MPW0000000246UORBF,Fr,4
NQX0000000247VPSCG,Fr,12
ORY0000000248WQTDH,Fr,2
PSZ0000000249XRUEI,Fr,0
QTA0000000250YSVFJ,Fr,0
RUB0000000251ZTWGK,Fr,4
SVC0000000252AUXHL,Fr,4
TWD0000000253BVYIM,Fr,0
UXE0000000254CWZJN,Fr,0
VYF0000000255DXAKO,Fr,8
WZG0000000256EYBLP,Fr,0
XAH0000000257FZCMQ,Fr,8
YBI0000000258GADNR,Fr,0
ZCJ0000000259HBEOS,Fr,6
ADK0000000260ICFPT,Fr,10
BEL0000000261JDGQU,Fr,0
CFM0000000262KEHRV,Fr,2
DGN0000000263LFISW,Fr,5
EHO0000000264MGJTX,Fr,0
FIP0000000265NHKUY,Fr,4
GJQ0000000266OILVZ,Fr,2
HKR0000000267PJMWA,Fr,0
ILS0000000268QKNXB,Fr,0
JMT0000000269RLOYC,Fr,0
KNU0000000270SMPZD,Fr,4
LOV0000000271TNQAE,Fr,0
MPW0000000272UORBF,Fr,4
NQX0000000273VPSCG,Fr,0
ORY0000000274WQTDH,Fr,0
PSZ0000000275XRUEI,Fr,12
QTA0000000276YSVFJ,Fr,8
RUB0000000277ZTWGK,Fr,8
SVC0000000278AUXHL,Fr,4
TWD0000000279BVYIM,Fr,0
UXE0000000280CWZJN,Fr,8
VYF0000000281DXAKO,Fr,0
WZG0000000282EYBLP,Fr,0
XAH0000000283FZCMQ,Fr,0
YBI0000000284GADNR,Fr,4
ZCJ0000000285HBEOS,Fr,0
ADK0000000286ICFPT,Fr,8
BEL0000000287JDGQU,Fr,4
CFM0000000288KEHRV,Fr,8
DGN0000000289LFISW,Fr,7
EHO0000000290MGJTX,Fr,0
FIP0000000291NHKUY,Fr,0
GJQ0000000292OILVZ,Fr,0
HKR0000000293PJMWA,Fr,0
ILS0000000294QKNXB,Fr,0
JMT0000000295RLOYC,Fr,6
KNU0000000296SMPZD,Fr,8
LOV0000000297TNQAE,Fr,0
MPW0000000298UORBF,Fr,4
NQX0000000299VPSCG,Fr,0
ORY0000000300WQTDH,Fr,10
PSZ0000000301XRUEI,Fr,0
QTA0000000302YSVFJ,Fr,0
RUB0000000303ZTWGK,Fr,0
SVC0000000304AUXHL,Fr,0
TWD0000000305BVYIM,Fr,0
UXE0000000306CWZJN,Fr,8
VYF0000000307DXAKO,Fr,2
WZG0000000308EYBLP,Fr,8
XAH0000000309FZCMQ,Fr,4
YBI0000000310GADNR,Fr,8
ZCJ0000000311HBEOS,Fr,0
ADK0000000312ICFPT,Fr,0
BEL0000000313JDGQU,Fr,4
CFM0000000314KEHRV,Fr,4
DGN0000000315LFISW,Fr,2
EHO0000000316MGJTX,Fr,0
FIP0000000317NHKUY,Fr,6
GJQ0000000318OILVZ,Fr,4
HKR0000000319PJMWA,Fr,4
ILS0000000320QKNXB,Fr,5
JMT0000000321RLOYC,Fr,0
KNU0000000322SMPZD,Fr,0
LOV0000000323TNQAE,Fr,0
MPW0000000324UORBF,Fr,2
NQX0000000325VPSCG,Fr,5
ORY0000000326WQTDH,Fr,0
PSZ0000000327XRUEI,Fr,3
QTA0000000328YSVFJ,Fr,0
RUB0000000329ZTWGK,Fr,5
SVC0000000330AUXHL,Fr,8
TWD0000000331BVYIM,Fr,0
UXE0000000332CWZJN,Fr,8
VYF0000000333DXAKO,Fr,8
WZG0000000334EYBLP,Fr,6
XAH0000000335FZCMQ,Fr,5
YBI0000000336GADNR,Fr,4
ZCJ0000000337HBEOS,Fr,9
ADK0000000338ICFPT,Fr,2
BEL0000000339JDGQU,Fr,7
CFM0000000340KEHRV,Fr,8
DGN0000000341LFISW,Fr,8
EHO0000000342MGJTX,Fr,4
FIP0000000343NHKUY,Fr,6
GJQ0000000344OILVZ,Fr,5
HKR0000000345PJMWA,Fr,4
ILS0000000346QKNXB,Fr,0
JMT0000000347RLOYC,Fr,8
KNU0000000348SMPZD,Fr,7
LOV0000000349TNQAE,Fr,0
MPW0000000350UORBF,Fr,6
NQX0000000351VPSCG,Fr,0
ORY0000000352WQTDH,Fr,0
PSZ0000000353XRUEI,Fr,8
QTA0000000354YSVFJ,Fr,8
RUB0000000355ZTWGK,Fr,5
SVC0000000356AUXHL,Fr,8
ADK0000000000ICFPT,Sa,0
BEL0000000001JDGQU,Sa,0
CFM0000000002KEHRV,Sa,0
DGN0000000003LFISW,Sa,0
EHO0000000004MGJTX,Sa,0
FIP0000000005NHKUY,Sa,0
GJQ0000000006OILVZ,Sa,0
HKR0000000007PJMWA,Sa,0
ILS0000000008QKNXB,Sa,0
JMT0000000009RLOYC,Sa,0
KNU0000000010SMPZD,Sa,0
LOV0000000011TNQAE,Sa,0
MPW0000000012UORBF,Sa,0
NQX0000000013VPSCG,Sa,0
ORY0000000014WQTDH,Sa,8
PSZ0000000015XRUEI,Sa,0
QTA0000000016YSVFJ,Sa,0
RUB0000000017ZTWGK,Sa,0
SVC0000000018AUXHL,Sa,0
TWD0000000019BVYIM,Sa,0
UXE0000000020CWZJN,Sa,0
VYF0000000021DXAKO,Sa,0
WZG0000000022EYBLP,Sa,0
XAH0000000023FZCMQ,Sa,0
YBI0000000024GADNR,Sa,0
ZCJ0000000025HBEOS,Sa,0
ADK0000000026ICFPT,Sa,0
BEL0000000027JDGQU,Sa,0
CFM0000000028KEHRV,Sa,0
DGN0000000029LFISW,Sa,0
EHO0000000030MGJTX,Sa,1
FIP0000000031NHKUY,Sa,0
GJQ0000000032OILVZ,Sa,0
HKR0000000033PJMWA,Sa,0
ILS0000000034QKNXB,Sa,4
JMT0000000035RLOYC,Sa,0
KNU0000000036SMPZD,Sa,0
LOV0000000037TNQAE,Sa,0
MPW0000000038UORBF,Sa,0
NQX0000000039VPSCG,Sa,0
ORY0000000040WQTDH,Sa,0
PSZ0000000041XRUEI,Sa,0
QTA0000000042YSVFJ,Sa,0
RUB0000000043ZTWGK,Sa,0
SVC0000000044AUXHL,Sa,2
TWD0000000045BVYIM,Sa,0
UXE0000000046CWZJN,Sa,0
VYF0000000047DXAKO,Sa,0
WZG0000000048EYBLP,Sa,0
XAH0000000049FZCMQ,Sa,0
YBI0000000050GADNR,Sa,0
ZCJ0000000051HBEOS,Sa,0
ADK0000000052ICFPT,Sa,0
BEL0000000053JDGQU,Sa,0
CFM0000000054KEHRV,Sa,0
DGN0000000055LFISW,Sa,4
EHO0000000056MGJTX,Sa,0
FIP0000000057NHKUY,Sa,0
GJQ0000000058OILVZ,Sa,0
HKR0000000059PJMWA,Sa,0
ILS0000000060QKNXB,Sa,0
JMT0000000061RLOYC,Sa,0
KNU0000000062SMPZD,Sa,0
LOV0000000063TNQAE,Sa,0
MPW0000000064UORBF,Sa,0
NQX0000000065VPSCG,Sa,0
ORY0000000066WQTDH,Sa,4
PSZ0000000067XRUEI,Sa,0
QTA0000000068YSVFJ,Sa,0
RUB0000000069ZTWGK,Sa,0
SVC0000000070AUXHL,Sa,0
TWD0000000071BVYIM,Sa,0
UXE0000000072CWZJN,Sa,0
VYF0000000073DXAKO,Sa,0
WZG0000000074EYBLP,Sa,4
XAH0000000075FZCMQ,Sa,0
YBI0000000076GADNR,Sa,0
ZCJ0000000077HBEOS,Sa,0
ADK0000000078ICFPT,Sa,0
BEL0000000079JDGQU,Sa,0
CFM0000000080KEHRV,Sa,0
DGN0000000081LFISW,Sa,0
EHO0000000082MGJTX,Sa,0
FIP0000000083NHKUY,Sa,0
GJQ0000000084OILVZ,Sa,0
HKR0000000085PJMWA,Sa,0
ILS0000000086QKNXB,Sa,0
JMT0000000087RLOYC,Sa,0
KNU0000000088SMPZD,Sa,0
LOV0000000089TNQAE,Sa,0
MPW0000000090UORBF,Sa,0
NQX0000000091VPSCG,Sa,0
ORY0000000092WQTDH,Sa,0
PSZ0000000093XRUEI,Sa,0
QTA0000000094YSVFJ,Sa,0
RUB0000000095ZTWGK,Sa,0
SVC0000000096AUXHL,Sa,0
TWD0000000097BVYIM,Sa,8
UXE0000000098CWZJN,Sa,0
VYF0000000099DXAKO,Sa,0
WZG0000000100EYBLP,Sa,0
XAH0000000101FZCMQ,Sa,0
YBI0000000102GADNR,Sa,0
ZCJ0000000103HBEOS,Sa,0
ADK0000000104ICFPT,Sa,3
BEL0000000105JDGQU,Sa,0
CFM0000000106KEHRV,Sa,0
DGN0000000107LFISW,Sa,0
EHO0000000108MGJTX,Sa,0
FIP0000000109NHKUY,Sa,0
GJQ0000000110OILVZ,Sa,1
HKR0000000111PJMWA,Sa,0
ILS0000000112QKNXB,Sa,0
JMT0000000113RLOYC,Sa,0
KNU0000000114SMPZD,Sa,4
LOV0000000115TNQAE,Sa,0
MPW0000000116UORBF,Sa,0
NQX0000000117VPSCG,Sa,0
ORY0000000118WQTDH,Sa,4
PSZ0000000119XRUEI,Sa,0
QTA0000000120YSVFJ,Sa,0
RUB0000000121ZTWGK,Sa,0
SVC0000000122AUXHL,Sa,0
TWD0000000123BVYIM,Sa,0
UXE0000000124CWZJN,Sa,0
VYF0000000125DXAKO,Sa,0
WZG0000000126EYBLP,Sa,4
XAH0000000127FZCMQ,Sa,0
YBI0000000128GADNR,Sa,1
ZCJ0000000129HBEOS,Sa,0
ADK0000000130ICFPT,Sa,0
BEL0000000131JDGQU,Sa,0
CFM0000000132KEHRV,Sa,0
DGN0000000133LFISW,Sa,0
EHO0000000134MGJTX,Sa,0
FIP0000000135NHKUY,Sa,0
GJQ0000000136OILVZ,Sa,0
HKR0000000137PJMWA,Sa,0
ILS0000000138QKNXB,Sa,0
JMT0000000139RLOYC,Sa,0
KNU0000000140SMPZD,Sa,0
LOV0000000141TNQAE,Sa,0
MPW0000000142UORBF,Sa,0
NQX0000000143VPSCG,Sa,0
ORY0000000144WQTDH,Sa,0
PSZ0000000145XRUEI,Sa,0
QTA0000000146YSVFJ,Sa,0
RUB0000000147ZTWGK,Sa,0
SVC0000000148AUXHL,Sa,4
TWD0000000149BVYIM,Sa,0
UXE0000000150CWZJN,Sa,0
VYF0000000151DXAKO,Sa,0
WZG0000000152EYBLP,Sa,0
XAH0000000153FZCMQ,Sa,0
YBI0000000154GADNR,Sa,0
ZCJ0000000155HBEOS,Sa,0
ADK0000000156ICFPT,Sa,0
BEL0000000157JDGQU,Sa,0
CFM0000000158KEHRV,Sa,0
DGN0000000159LFISW,Sa,0
EHO0000000160MGJTX,Sa,0
FIP0000000161NHKUY,Sa,0
GJQ0000000162OILVZ,Sa,0
HKR0000000163PJMWA,Sa,0
ILS0000000164QKNXB,Sa,0
JMT0000000165RLOYC,Sa,0
KNU0000000166SMPZD,Sa,0
LOV0000000167TNQAE,Sa,0
MPW0000000168UORBF,Sa,0
NQX0000000169VPSCG,Sa,0
ORY0000000170WQTDH,Sa,0
PSZ0000000171XRUEI,Sa,0
QTA0000000172YSVFJ,Sa,0
RUB0000000173ZTWGK,Sa,0
SVC0000000174AUXHL,Sa,0
TWD0000000175BVYIM,Sa,0
UXE0000000176CWZJN,Sa,0
VYF0000000177DXAKO,Sa,0
WZG0000000178EYBLP,Sa,0
XAH0000000179FZCMQ,Sa,0
YBI0000000180GADNR,Sa,0
ZCJ0000000181HBEOS,Sa,0
ADK0000000182ICFPT,Sa,0
BEL0000000183JDGQU,Sa,0
CFM0000000184KEHRV,Sa,0
DGN0000000185LFISW,Sa,0
EHO0000000186MGJTX,Sa,0
FIP0000000187NHKUY,Sa,0
GJQ0000000188OILVZ,Sa,0
HKR0000000189PJMWA,Sa,0
ILS0000000190QKNXB,Sa,0
JMT0000000191RLOYC,Sa,0
KNU0000000192SMPZD,Sa,4
LOV0000000193TNQAE,Sa,0
MPW0000000194UORBF,Sa,0
NQX0000000195VPSCG,Sa,0
ORY0000000196WQTDH,Sa,0
PSZ0000000197XRUEI,Sa,0
QTA0000000198YSVFJ,Sa,0
RUB0000000199ZTWGK,Sa,0
SVC0000000200AUXHL,Sa,0
TWD0000000201BVYIM,Sa,0
UXE0000000202CWZJN,Sa,0
VYF0000000203DXAKO,Sa,0
WZG0000000204EYBLP,Sa,0
XAH0000000205FZCMQ,Sa,1
YBI0000000206GADNR,Sa,0
ZCJ0000000207HBEOS,Sa,0
ADK0000000208ICFPT,Sa,0
BEL0000000209JDGQU,Sa,0
CFM0000000210KEHRV,Sa,0
DGN0000000211LFISW,Sa,0
EHO0000000212MGJTX,Sa,0
FIP0000000213NHKUY,Sa,0
GJQ0000000214OILVZ,Sa,0
HKR0000000215PJMWA,Sa,0
ILS0000000216QKNXB,Sa,0
JMT0000000217RLOYC,Sa,0
KNU0000000218SMPZD,Sa,0
LOV0000000219TNQAE,Sa,0
MPW0000000220UORBF,Sa,0
NQX0000000221VPSCG,Sa,0
ORY0000000222WQTDH,Sa,0
PSZ0000000223XRUEI,Sa,0
QTA0000000224YSVFJ,Sa,0
RUB0000000225ZTWGK,Sa,0
SVC0000000226AUXHL,Sa,0
TWD0000000227BVYIM,Sa,0
UXE0000000228CWZJN,Sa,0
VYF0000000229DXAKO,Sa,0
WZG0000000230EYBLP,Sa,0
XAH0000000231FZCMQ,Sa,0
YBI0000000232GADNR,Sa,0
ZCJ0000000233HBEOS,Sa,2
ADK0000000234ICFPT,Sa,0
BEL0000000235JDGQU,Sa,0
CFM0000000236KEHRV,Sa,0
DGN0000000237LFISW,Sa,0
EHO0000000238MGJTX,Sa,0
FIP0000000239NHKUY,Sa,0
GJQ0000000240OILVZ,Sa,4
HKR0000000241PJMWA,Sa,0
ILS0000000242QKNXB,Sa,0
JMT0000000243RLOYC,Sa,0
KNU0000000244SMPZD,Sa,0
LOV0000000245TNQAE,Sa,0
MPW0000000246UORBF,Sa,5
NQX0000000247VPSCG,Sa,0
ORY0000000248WQTDH,Sa,5
PSZ0000000249XRUEI,Sa,0
QTA0000000250YSVFJ,Sa,0
RUB0000000251ZTWGK,Sa,0
SVC0000000252AUXHL,Sa,0
TWD0000000253BVYIM,Sa,0
UXE0000000254CWZJN,Sa,0
VYF0000000255DXAKO,Sa,0
WZG0000000256EYBLP,Sa,2
XAH0000000257FZCMQ,Sa,0
YBI0000000258GADNR,Sa,0
ZCJ0000000259HBEOS,Sa,0
ADK0000000260ICFPT,Sa,0
BEL0000000261JDGQU,Sa,0
CFM0000000262KEHRV,Sa,0
DGN0000000263LFISW,Sa,0
EHO0000000264MGJTX,Sa,0
FIP0000000265NHKUY,Sa,0
GJQ0000000266OILVZ,Sa,0
HKR0000000267PJMWA,Sa,0
ILS0000000268QKNXB,Sa,0
JMT0000000269RLOYC,Sa,0
KNU0000000270SMPZD,Sa,0
LOV0000000271TNQAE,Sa,0
MPW0000000272UORBF,Sa,2
NQX0000000273VPSCG,Sa,0
ORY0000000274WQTDH,Sa,0
PSZ0000000275XRUEI,Sa,12
QTA0000000276YSVFJ,Sa,0
RUB0000000277ZTWGK,Sa,0
SVC0000000278AUXHL,Sa,0
TWD0000000279BVYIM,Sa,0
UXE0000000280CWZJN,Sa,2
VYF0000000281DXAKO,Sa,3
WZG0000000282EYBLP,Sa,0
XAH0000000283FZCMQ,Sa,0
YBI0000000284GADNR,Sa,4
ZCJ0000000285HBEOS,Sa,0
ADK0000000286ICFPT,Sa,0
BEL0000000287JDGQU,Sa,0
CFM0000000288KEHRV,Sa,0
DGN0000000289LFISW,Sa,0
EHO0000000290MGJTX,Sa,0
FIP0000000291NHKUY,Sa,0
GJQ0000000292OILVZ,Sa,0
HKR0000000293PJMWA,Sa,0
ILS0000000294QKNXB,Sa,0
JMT0000000295RLOYC,Sa,0
KNU0000000296SMPZD,Sa,0
LOV0000000297TNQAE,Sa,0
MPW0000000298UORBF,Sa,0
NQX0000000299VPSCG,Sa,0
ORY0000000300WQTDH,Sa,0
PSZ0000000301XRUEI,Sa,0
QTA0000000302YSVFJ,Sa,0
RUB0000000303ZTWGK,Sa,0
SVC0000000304AUXHL,Sa,0
TWD0000000305BVYIM,Sa,0
UXE0000000306CWZJN,Sa,0
VYF0000000307DXAKO,Sa,0
WZG0000000308EYBLP,Sa,8
XAH0000000309FZCMQ,Sa,0
YBI0000000310GADNR,Sa,0
ZCJ0000000311HBEOS,Sa,0
ADK0000000312ICFPT,Sa,0
BEL0000000313JDGQU,Sa,0
CFM0000000314KEHRV,Sa,4
DGN0000000315LFISW,Sa,0
EHO0000000316MGJTX,Sa,0
FIP0000000317NHKUY,Sa,0
GJQ0000000318OILVZ,Sa,0
HKR0000000319PJMWA,Sa,0
ILS0000000320QKNXB,Sa,4
JMT0000000321RLOYC,Sa,0
KNU0000000322SMPZD,Sa,0
LOV0000000323TNQAE,Sa,0
MPW0000000324UORBF,Sa,0
NQX0000000325VPSCG,Sa,0
ORY0000000326WQTDH,Sa,0
PSZ0000000327XRUEI,Sa,3
QTA0000000328YSVFJ,Sa,0
RUB0000000329ZTWGK,Sa,0
SVC0000000330AUXHL,Sa,0
TWD0000000331BVYIM,Sa,0
UXE0000000332CWZJN,Sa,0
VYF0000000333DXAKO,Sa,0
WZG0000000334EYBLP,Sa,2
XAH0000000335FZCMQ,Sa,0
YBI0000000336GADNR,Sa,0
ZCJ0000000337HBEOS,Sa,0
ADK0000000338ICFPT,Sa,0
BEL0000000339JDGQU,Sa,0
CFM0000000340KEHRV,Sa,0
DGN0000000341LFISW,Sa,8
EHO0000000342MGJTX,Sa,2
FIP0000000343NHKUY,Sa,0
GJQ0000000344OILVZ,Sa,0
HKR0000000345PJMWA,Sa,0
ILS0000000346QKNXB,Sa,0
JMT0000000347RLOYC,Sa,0
KNU0000000348SMPZD,Sa,0
LOV0000000349TNQAE,Sa,0
MPW0000000350UORBF,Sa,0
NQX0000000351VPSCG,Sa,0
ORY0000000352WQTDH,Sa,0
PSZ0000000353XRUEI,Sa,0
QTA0000000354YSVFJ,Sa,0
RUB0000000355ZTWGK,Sa,0
SVC0000000356AUXHL,Sa,0
ADK0000000000ICFPT,Su,0
BEL0000000001JDGQU,Su,0
CFM0000000002KEHRV,Su,0
DGN0000000003LFISW,Su,0
EHO0000000004MGJTX,Su,0
FIP0000000005NHKUY,Su,0
GJQ0000000006OILVZ,Su,0
HKR0000000007PJMWA,Su,0
ILS0000000008QKNXB,Su,0
JMT0000000009RLOYC,Su,0
KNU0000000010SMPZD,Su,0
LOV0000000011TNQAE,Su,0
MPW0000000012UORBF,Su,0
NQX0000000013VPSCG,Su,0
ORY0000000014WQTDH,Su,8
PSZ0000000015XRUEI,Su,0
QTA0000000016YSVFJ,Su,0
RUB0000000017ZTWGK,Su,0
SVC0000000018AUXHL,Su,0
TWD0000000019BVYIM,Su,0
UXE0000000020CWZJN,Su,0
VYF0000000021DXAKO,Su,0
WZG0000000022EYBLP,Su,0
XAH0000000023FZCMQ,Su,0
YBI0000000024GADNR,Su,0
ZCJ0000000025HBEOS,Su,0
ADK0000000026ICFPT,Su,0
BEL0000000027JDGQU,Su,0
CFM0000000028KEHRV,Su,0
DGN0000000029LFISW,Su,0
EHO0000000030MGJTX,Su,1
FIP0000000031NHKUY,Su,0
GJQ0000000032OILVZ,Su,0
HKR0000000033PJMWA,Su,0
ILS0000000034QKNXB,Su,4
JMT0000000035RLOYC,Su,0
KNU0000000036SMPZD,Su,0
LOV0000000037TNQAE,Su,0
MPW0000000038UORBF,Su,0
NQX0000000039VPSCG,Su,0
ORY0000000040WQTDH,Su,0
PSZ0000000041XRUEI,Su,0
QTA0000000042YSVFJ,Su,0
RUB0000000043ZTWGK,Su,0
SVC0000000044AUXHL,Su,2
TWD0000000045BVYIM,Su,0
UXE0000000046CWZJN,Su,0
VYF0000000047DXAKO,Su,0
WZG0000000048EYBLP,Su,0
XAH0000000049FZCMQ,Su,0
YBI0000000050GADNR,Su,0
ZCJ0000000051HBEOS,Su,0
ADK0000000052ICFPT,Su,0
BEL0000000053JDGQU,Su,0
CFM0000000054KEHRV,Su,0
DGN0000000055LFISW,Su,4
EHO0000000056MGJTX,Su,0
FIP0000000057NHKUY,Su,0
GJQ0000000058OILVZ,Su,0
HKR0000000059PJMWA,Su,0
ILS0000000060QKNXB,Su,0
JMT0000000061RLOYC,Su,0
KNU0000000062SMPZD,Su,0
LOV0000000063TNQAE,Su,0
MPW0000000064UORBF,Su,0
NQX0000000065VPSCG,Su,0
ORY0000000066WQTDH,Su,4
PSZ0000000067XRUEI,Su,0
QTA0000000068YSVFJ,Su,0
RUB0000000069ZTWGK,Su,0
SVC0000000070AUXHL,Su,0
TWD0000000071BVYIM,Su,0
UXE0000000072CWZJN,Su,0
VYF0000000073DXAKO,Su,0
WZG0000000074EYBLP,Su,0
XAH0000000075FZCMQ,Su,0
YBI0000000076GADNR,Su,0
ZCJ0000000077HBEOS,Su,0
ADK0000000078ICFPT,Su,0
BEL0000000079JDGQU,Su,0
CFM0000000080KEHRV,Su,0
DGN0000000081LFISW,Su,0
EHO0000000082MGJTX,Su,0
FIP0000000083NHKUY,Su,0
GJQ0000000084OILVZ,Su,0
HKR0000000085PJMWA,Su,0
ILS0000000086QKNXB,Su,0
JMT0000000087RLOYC,Su,0
KNU0000000088SMPZD,Su,0
LOV0000000089TNQAE,Su,0
MPW0000000090UORBF,Su,0
NQX0000000091VPSCG,Su,0
ORY0000000092WQTDH,Su,0
PSZ0000000093XRUEI,Su,0
QTA0000000094YSVFJ,Su,0
RUB0000000095ZTWGK,Su,0
SVC0000000096AUXHL,Su,0
TWD0000000097BVYIM,Su,4
UXE0000000098CWZJN,Su,0
VYF0000000099DXAKO,Su,0
WZG0000000100EYBLP,Su,0
XAH0000000101FZCMQ,Su,0
YBI0000000102GADNR,Su,0
ZCJ0000000103HBEOS,Su,0
ADK0000000104ICFPT,Su,3
BEL0000000105JDGQU,Su,0
CFM0000000106KEHRV,Su,0
DGN0000000107LFISW,Su,0
EHO0000000108MGJTX,Su,0
FIP0000000109NHKUY,Su,0
GJQ0000000110OILVZ,Su,1
HKR0000000111PJMWA,Su,0
ILS0000000112QKNXB,Su,0
JMT0000000113RLOYC,Su,0
KNU0000000114SMPZD,Su,4
LOV0000000115TNQAE,Su,0
MPW0000000116UORBF,Su,0
NQX0000000117VPSCG,Su,0
ORY0000000118WQTDH,Su,0
PSZ0000000119XRUEI,Su,0
QTA0000000120YSVFJ,Su,0
RUB0000000121ZTWGK,Su,0
SVC0000000122AUXHL,Su,0
TWD0000000123BVYIM,Su,0
UXE0000000124CWZJN,Su,0
VYF0000000125DXAKO,Su,0
WZG0000000126EYBLP,Su,6
XAH0000000127FZCMQ,Su,0
YBI0000000128GADNR,Su,0
ZCJ0000000129HBEOS,Su,0
ADK0000000130ICFPT,Su,0
BEL0000000131JDGQU,Su,0
CFM0000000132KEHRV,Su,0
DGN0000000133LFISW,Su,0
EHO0000000134MGJTX,Su,0
FIP0000000135NHKUY,Su,0
GJQ0000000136OILVZ,Su,0
HKR0000000137PJMWA,Su,0
ILS0000000138QKNXB,Su,0
JMT0000000139RLOYC,Su,0
KNU0000000140SMPZD,Su,0
LOV0000000141TNQAE,Su,0
MPW0000000142UORBF,Su,0
NQX0000000143VPSCG,Su,0
ORY0000000144WQTDH,Su,0
PSZ0000000145XRUEI,Su,0
QTA0000000146YSVFJ,Su,0
RUB0000000147ZTWGK,Su,0
SVC0000000148AUXHL,Su,0
TWD0000000149BVYIM,Su,0
UXE0000000150CWZJN,Su,0
VYF0000000151DXAKO,Su,0
WZG0000000152EYBLP,Su,0
XAH0000000153FZCMQ,Su,0
YBI0000000154GADNR,Su,0
ZCJ0000000155HBEOS,Su,0
ADK0000000156ICFPT,Su,0
BEL0000000157JDGQU,Su,0
CFM0000000158KEHRV,Su,0
DGN0000000159LFISW,Su,0
EHO0000000160MGJTX,Su,0
FIP0000000161NHKUY,Su,0
GJQ0000000162OILVZ,Su,0
HKR0000000163PJMWA,Su,0
ILS0000000164QKNXB,Su,0
JMT0000000165RLOYC,Su,0
KNU0000000166SMPZD,Su,0
LOV0000000167TNQAE,Su,0
MPW0000000168UORBF,Su,0
NQX0000000169VPSCG,Su,0
ORY0000000170WQTDH,Su,0
PSZ0000000171XRUEI,Su,0
QTA0000000172YSVFJ,Su,0
RUB0000000173ZTWGK,Su,0
SVC0000000174AUXHL,Su,0
TWD0000000175BVYIM,Su,0
UXE0000000176CWZJN,Su,0
VYF0000000177DXAKO,Su,0
WZG0000000178EYBLP,Su,0
XAH0000000179FZCMQ,Su,0
YBI0000000180GADNR,Su,0
ZCJ0000000181HBEOS,Su,0
ADK0000000182ICFPT,Su,0
BEL0000000183JDGQU,Su,0
CFM0000000184KEHRV,Su,0
DGN0000000185LFISW,Su,0
EHO0000000186MGJTX,Su,0
FIP0000000187NHKUY,Su,0
GJQ0000000188OILVZ,Su,0
HKR0000000189PJMWA,Su,0
ILS0000000190QKNXB,Su,0
JMT0000000191RLOYC,Su,3
KNU0000000192SMPZD,Su,4
LOV0000000193TNQAE,Su,0
MPW0000000194UORBF,Su,0
NQX0000000195VPSCG,Su,0
ORY0000000196WQTDH,Su,0
PSZ0000000197XRUEI,Su,0
QTA0000000198YSVFJ,Su,0
RUB0000000199ZTWGK,Su,0
SVC0000000200AUXHL,Su,0
TWD0000000201BVYIM,Su,0
UXE0000000202CWZJN,Su,0
VYF0000000203DXAKO,Su,0
WZG0000000204EYBLP,Su,0
XAH0000000205FZCMQ,Su,1
YBI0000000206GADNR,Su,0
ZCJ0000000207HBEOS,Su,0
ADK0000000208ICFPT,Su,0
BEL0000000209JDGQU,Su,0
CFM0000000210KEHRV,Su,0
DGN0000000211LFISW,Su,0
EHO0000000212MGJTX,Su,0
FIP0000000213NHKUY,Su,0
GJQ0000000214OILVZ,Su,0
HKR0000000215PJMWA,Su,0
ILS0000000216QKNXB,Su,0
JMT0000000217RLOYC,Su,0
KNU0000000218SMPZD,Su,0
LOV0000000219TNQAE,Su,0
MPW0000000220UORBF,Su,0
NQX0000000221VPSCG,Su,0
ORY0000000222WQTDH,Su,0
PSZ0000000223XRUEI,Su,0
QTA0000000224YSVFJ,Su,0
RUB0000000225ZTWGK,Su,0
SVC0000000226AUXHL,Su,0
TWD0000000227BVYIM,Su,0
UXE0000000228CWZJN,Su,0
VYF0000000229DXAKO,Su,0
WZG0000000230EYBLP,Su,0
XAH0000000231FZCMQ,Su,0
YBI0000000232GADNR,Su,0
ZCJ0000000233HBEOS,Su,2
ADK0000000234ICFPT,Su,0
BEL0000000235JDGQU,Su,0
CFM0000000236KEHRV,Su,0
DGN0000000237LFISW,Su,0
EHO0000000238MGJTX,Su,0
FIP0000000239NHKUY,Su,0
GJQ0000000240OILVZ,Su,0
HKR0000000241PJMWA,Su,0
ILS0000000242QKNXB,Su,0
JMT0000000243RLOYC,Su,0
KNU0000000244SMPZD,Su,0
LOV0000000245TNQAE,Su,0
MPW0000000246UORBF,Su,0
NQX0000000247VPSCG,Su,0
ORY0000000248WQTDH,Su,0
PSZ0000000249XRUEI,Su,0
QTA0000000250YSVFJ,Su,0
RUB0000000251ZTWGK,Su,0
SVC0000000252AUXHL,Su,0
TWD0000000253BVYIM,Su,0
UXE0000000254CWZJN,Su,0
VYF0000000255DXAKO,Su,0
WZG0000000256EYBLP,Su,0
XAH0000000257FZCMQ,Su,0
YBI0000000258GADNR,Su,0
ZCJ0000000259HBEOS,Su,0
ADK0000000260ICFPT,Su,0
BEL0000000261JDGQU,Su,0
CFM0000000262KEHRV,Su,0
DGN0000000263LFISW,Su,0
EHO0000000264MGJTX,Su,0
FIP0000000265NHKUY,Su,0
GJQ0000000266OILVZ,Su,2
HKR0000000267PJMWA,Su,0
ILS0000000268QKNXB,Su,0
JMT0000000269RLOYC,Su,0
KNU0000000270SMPZD,Su,0
LOV0000000271TNQAE,Su,0
MPW0000000272UORBF,Su,2
NQX0000000273VPSCG,Su,0
ORY0000000274WQTDH,Su,0
PSZ0000000275XRUEI,Su,0
QTA0000000276YSVFJ,Su,0
RUB0000000277ZTWGK,Su,0
SVC0000000278AUXHL,Su,0
TWD0000000279BVYIM,Su,0
UXE0000000280CWZJN,Su,0
VYF0000000281DXAKO,Su,0
WZG0000000282EYBLP,Su,0
XAH0000000283FZCMQ,Su,0
YBI0000000284GADNR,Su,8
ZCJ0000000285HBEOS,Su,0
ADK0000000286ICFPT,Su,0
BEL0000000287JDGQU,Su,0
CFM0000000288KEHRV,Su,0
DGN0000000289LFISW,Su,0
EHO0000000290MGJTX,Su,0
FIP0000000291NHKUY,Su,0
GJQ0000000292OILVZ,Su,0
HKR0000000293PJMWA,Su,0
ILS0000000294QKNXB,Su,0
JMT0000000295RLOYC,Su,2
KNU0000000296SMPZD,Su,0
LOV0000000297TNQAE,Su,0
MPW0000000298UORBF,Su,0
NQX0000000299VPSCG,Su,0
ORY0000000300WQTDH,Su,0
PSZ0000000301XRUEI,Su,0
QTA0000000302YSVFJ,Su,0
RUB0000000303ZTWGK,Su,0
SVC0000000304AUXHL,Su,0
TWD0000000305BVYIM,Su,0
UXE0000000306CWZJN,Su,0
VYF0000000307DXAKO,Su,0
WZG0000000308EYBLP,Su,0
XAH0000000309FZCMQ,Su,0
YBI0000000310GADNR,Su,0
ZCJ0000000311HBEOS,Su,0
ADK0000000312ICFPT,Su,0
BEL0000000313JDGQU,Su,0
CFM0000000314KEHRV,Su,2
DGN0000000315LFISW,Su,0
EHO0000000316MGJTX,Su,0
FIP0000000317NHKUY,Su,0
GJQ0000000318OILVZ,Su,0
HKR0000000319PJMWA,Su,0
ILS0000000320QKNXB,Su,3
JMT0000000321RLOYC,Su,0
KNU0000000322SMPZD,Su,0
LOV0000000323TNQAE,Su,0
MPW0000000324UORBF,Su,0
NQX0000000325VPSCG,Su,0
ORY0000000326WQTDH,Su,0
PSZ0000000327XRUEI,Su,0
QTA0000000328YSVFJ,Su,0
RUB0000000329ZTWGK,Su,0
SVC0000000330AUXHL,Su,0
TWD0000000331BVYIM,Su,0
UXE0000000332CWZJN,Su,0
VYF0000000333DXAKO,Su,0
WZG0000000334EYBLP,Su,4
XAH0000000335FZCMQ,Su,0
YBI0000000336GADNR,Su,0
ZCJ0000000337HBEOS,Su,4
ADK0000000338ICFPT,Su,0
BEL0000000339JDGQU,Su,0
CFM0000000340KEHRV,Su,0
DGN0000000341LFISW,Su,8
EHO0000000342MGJTX,Su,2
FIP0000000343NHKUY,Su,0
GJQ0000000344OILVZ,Su,0
HKR0000000345PJMWA,Su,0
ILS0000000346QKNXB,Su,0
JMT0000000347RLOYC,Su,0
KNU0000000348SMPZD,Su,0
LOV0000000349TNQAE,Su,0
MPW0000000350UORBF,Su,0
NQX0000000351VPSCG,Su,0
ORY0000000352WQTDH,Su,0
PSZ0000000353XRUEI,Su,0
QTA0000000354YSVFJ,Su,0
RUB0000000355ZTWGK,Su,0
SVC0000000356AUXHL,Su,0
